timestamp,is_walking,fsr,x_acc,y_acc,z_acc
114113,0,391,-0.15,0.01,0.99
114134,0,391,-0.15,0.01,0.99
114154,0,391,-0.15,0.01,0.99
114174,0,391,-0.15,0.01,0.99
114195,0,390,-0.15,0.01,0.99
114215,0,393,-0.15,0.01,0.99
114235,0,393,-0.15,0.01,0.99
114255,0,393,-0.15,0.01,0.99
114275,0,394,-0.15,0.01,0.99
114295,0,393,-0.15,0.01,0.99
114315,0,394,-0.14,0.01,0.99
114335,0,394,-0.14,0.01,0.99
114355,0,394,-0.14,0.01,0.99
114375,0,396,-0.14,0.01,0.99
114396,0,397,-0.14,0.01,0.99
114416,0,397,-0.14,0.01,0.99
114438,0,397,-0.14,0.01,0.99
114458,0,397,-0.14,0.01,0.99
114479,0,397,-0.14,0.01,0.99
114499,0,397,-0.14,0.01,0.99
114520,0,398,-0.14,0.01,0.99
114540,0,398,-0.14,0.01,0.99
114561,0,399,-0.14,0.01,0.99
114581,0,399,2.18,-3.11,0.72
114596,0,399,2.18,-3.11,0.72
114611,0,399,2.18,-3.11,0.72
114631,0,397,-0.14,0.01,0.99
114652,0,396,-0.14,0.01,0.99
114672,0,396,-0.14,0.01,0.99
114693,0,394,-0.14,0.01,0.99
114713,0,394,-0.14,0.01,0.99
114734,0,394,-0.14,0.01,0.99
114754,0,394,-0.14,0.01,0.99
114776,0,392,-0.14,0.01,0.99
114796,0,389,-0.14,0.01,0.99
114817,0,388,-0.14,0.01,0.99
114837,0,387,-0.14,0.01,0.99
114857,0,383,-0.14,0.01,0.99
114878,0,384,-0.14,0.01,0.99
114898,0,382,-0.14,0.01,0.99
114918,0,383,-0.14,0.01,0.99
114938,0,380,-0.14,0.01,0.99
114958,0,380,-0.14,0.01,0.99
114978,0,377,-0.14,0.01,0.99
114998,0,377,-0.14,0.01,0.99
115018,0,375,-0.14,0.01,0.99
115038,0,376,-0.14,0.01,0.99
115058,0,376,-0.14,0.01,0.99
115078,0,377,-0.14,0.01,0.99
115093,0,377,-0.14,0.01,0.99
115116,0,379,-0.14,0.01,0.99
115136,1,378,-0.14,0.01,0.99
115156,1,380,-0.14,0.01,0.99
115177,1,382,-0.14,0.01,0.99
115197,1,381,-0.14,0.01,0.99
115217,1,379,-0.14,0.01,0.99
115237,1,383,-0.14,0.01,0.99
115257,1,383,-0.14,0.01,0.99
115277,1,386,-0.14,0.01,0.99
115297,1,389,-0.14,0.01,0.99
115317,1,393,-0.14,0.01,0.99
115337,1,391,-0.14,0.01,0.99
115357,1,398,-0.14,0.01,0.99
115377,1,398,-0.14,0.01,0.99
115397,1,405,-0.14,0.01,0.99
115418,1,401,-0.14,0.01,0.99
115438,1,399,-0.14,0.01,0.99
115460,1,410,-0.14,0.01,0.99
115480,1,424,-0.14,0.01,0.99
115501,1,433,-0.14,0.01,0.99
115521,1,440,-0.14,0.01,0.99
115542,1,443,-0.14,0.01,0.99
115562,1,449,0.40,0.19,-0.98
115577,1,453,0.40,0.19,-0.98
115592,1,453,0.40,0.19,-0.98
115612,1,454,-0.12,0.01,0.99
115633,1,450,-0.12,0.01,0.99
115653,1,449,-0.12,0.01,0.99
115674,1,448,-0.12,0.02,0.99
115694,1,447,-0.12,0.02,0.99
115715,1,443,-0.12,0.01,0.99
115735,1,441,-0.12,0.01,0.99
115756,1,436,-0.12,0.01,0.99
115776,1,434,-0.12,0.01,0.99
115798,1,431,-0.12,0.01,0.99
115818,1,428,-0.12,0.01,0.99
115838,1,428,-0.12,0.01,0.99
115859,1,420,-0.12,0.01,0.99
115879,1,414,-0.12,0.01,0.99
115899,1,412,-0.12,0.01,0.99
115919,1,410,-0.12,0.01,0.99
115939,1,409,-0.12,0.01,0.99
115959,1,407,-0.12,0.01,0.99
115979,1,408,-0.12,0.01,0.99
115999,1,408,-0.12,0.01,0.99
116019,1,406,-0.12,0.01,0.99
116039,1,404,-0.12,0.01,0.99
116060,1,402,-0.12,0.01,0.99
116075,1,400,-0.12,0.01,0.99
116096,1,397,-0.11,0.01,0.99
116116,1,395,-0.11,0.01,0.99
116137,1,389,-0.11,0.01,0.99
116158,1,393,-0.11,0.01,0.99
116178,1,394,-0.11,0.01,0.99
116198,1,390,-0.11,0.01,0.99
116218,1,387,-0.11,0.01,0.99
116238,1,381,-0.11,0.01,0.99
116258,1,372,-0.11,0.01,0.99
116278,1,345,-0.11,0.01,0.99
116298,1,345,-0.11,0.01,0.99
116318,1,350,-0.11,0.01,0.99
116338,1,351,-0.11,0.01,0.99
116358,1,358,-0.11,0.01,0.99
116378,1,362,-0.11,0.01,0.99
116399,1,366,-0.11,0.01,0.99
116419,1,366,-0.11,0.01,0.99
116440,1,367,-0.11,0.01,0.99
116460,1,373,-0.11,0.02,0.99
116482,1,377,-0.11,0.02,0.99
116502,1,373,-0.11,0.02,0.99
116523,1,382,-0.11,0.02,0.99
116538,1,388,-0.11,0.02,0.99
116553,1,381,-0.11,0.02,0.99
116573,1,384,-0.11,0.02,0.99
116593,1,389,-0.11,0.02,0.99
116614,1,393,-0.11,0.02,0.99
116634,1,390,-0.11,0.02,0.99
116655,1,392,-0.11,0.02,0.99
116675,1,393,-0.11,0.02,0.99
116696,1,389,-0.11,0.02,0.99
116716,1,385,-0.11,0.02,0.99
116737,1,379,-0.11,0.02,0.99
116757,1,378,-0.11,0.02,0.99
116777,1,377,-0.11,0.02,0.99
116798,1,382,-0.11,0.02,0.99
116818,1,384,-0.11,0.02,0.99
116839,1,387,-0.11,0.02,0.99
116859,1,387,-0.11,0.02,0.99
116879,1,387,-0.11,0.02,0.99
116899,1,388,-0.11,0.02,0.99
116919,1,387,-0.11,0.02,0.99
116939,1,384,-0.11,0.02,0.99
116959,1,385,-0.11,0.02,0.99
116979,1,385,-0.11,0.02,0.99
116999,1,377,-0.11,0.02,0.99
117019,1,373,-0.11,0.02,0.99
117035,1,373,-0.11,0.02,0.99
117055,1,370,-0.12,0.02,0.99
117075,1,366,-0.12,0.02,0.99
117095,1,346,-0.12,0.02,0.99
117115,1,363,-0.12,0.02,0.99
117135,1,367,-0.12,0.02,0.99
117155,1,367,-0.12,0.02,0.99
117176,1,370,-0.12,0.02,0.99
117196,1,372,-0.12,0.02,0.99
117216,1,372,-0.12,0.02,0.99
117236,1,374,-0.12,0.02,0.99
117256,1,369,-0.12,0.02,0.99
117276,1,380,-0.12,0.02,0.99
117297,1,384,-0.12,0.02,0.99
117317,1,379,-0.12,0.02,0.99
117338,1,384,-0.12,0.02,0.99
117358,1,386,-0.12,0.02,0.99
117379,1,390,-0.12,0.02,0.99
117399,1,392,-0.12,0.02,0.99
117420,1,392,-0.12,0.02,0.99
117440,1,391,-0.12,0.02,0.99
117460,1,393,-0.12,0.02,0.99
117481,1,394,-0.12,0.02,0.99
117501,1,395,-0.12,0.02,0.99
117518,1,396,-0.12,0.02,0.99
117533,1,395,-0.12,0.02,0.99
117553,1,390,-0.11,0.01,0.99
117573,1,388,-0.12,0.01,0.99
117594,1,376,-0.12,0.01,0.99
117614,1,371,-0.12,0.01,0.99
117635,1,373,-0.12,0.01,0.99
117655,1,375,-0.12,0.01,0.99
117676,1,372,-0.12,0.01,0.99
117696,1,373,-0.11,0.01,0.99
117716,1,372,-0.11,0.01,0.99
117737,1,372,-0.11,0.01,0.99
117757,1,377,-0.11,0.01,0.99
117777,1,381,-0.11,0.01,0.99
117797,1,380,-0.11,0.01,0.99
117817,1,377,-0.12,0.01,0.99
117837,1,373,-0.11,0.01,0.99
117858,1,375,-0.11,0.01,0.99
117878,1,371,-0.12,0.01,0.99
117898,1,373,-0.12,0.01,0.99
117918,1,379,-0.12,0.01,0.99
117938,1,382,-0.12,0.01,0.99
117958,1,381,-0.12,0.01,0.99
117979,1,378,-0.12,0.01,0.99
117999,1,375,-0.12,0.01,0.99
118014,1,376,-0.12,0.01,0.99
118035,1,375,-0.13,0.01,0.99
118055,1,375,-0.13,0.01,0.99
118075,1,377,-0.13,0.01,0.99
118095,1,378,-0.13,0.01,0.99
118115,1,378,-0.13,0.01,0.99
118135,1,380,-0.13,0.01,0.99
118155,1,375,-0.13,0.01,0.99
118175,1,373,-0.13,0.01,0.99
118196,1,375,-0.13,0.01,0.99
118216,1,370,-0.13,0.01,0.99
118236,1,367,-0.12,0.01,0.99
118256,1,373,-0.12,0.01,0.99
118277,1,366,-0.13,0.01,0.99
118297,1,371,-0.12,0.01,0.99
118318,1,375,-0.12,0.01,0.99
118338,1,377,-0.12,0.01,0.99
118359,1,374,-0.12,0.01,0.99
118379,1,381,-0.12,0.01,0.99
118400,1,369,-0.12,0.01,0.99
118420,1,369,-0.12,0.01,0.99
118440,1,372,-0.12,0.01,0.99
118460,1,373,-0.12,0.01,0.99
118480,1,378,-0.12,0.01,0.99
118495,1,377,-0.12,0.01,0.99
118515,1,381,-0.12,0.01,0.99
118536,1,377,-0.12,0.01,0.99
118556,1,358,-0.12,0.01,0.99
118577,1,362,-0.12,0.01,0.99
118597,1,362,-0.12,0.01,0.99
118618,1,362,-0.12,0.01,0.99
118638,1,363,-0.12,0.01,0.99
118659,1,363,-0.12,0.01,0.99
118679,1,363,-0.12,0.01,0.99
118700,1,361,-0.12,0.01,0.99
118720,1,364,-0.12,0.01,0.99
118740,1,372,-0.12,0.01,0.99
118761,1,369,-0.12,0.01,0.99
118781,1,368,-0.12,0.01,0.99
118801,1,369,-0.13,0.01,0.99
118821,1,369,-0.12,0.01,0.99
118841,1,359,-0.13,0.01,0.99
118861,1,359,-0.13,0.01,0.99
118882,1,361,-0.13,0.01,0.99
118902,1,353,-0.12,0.01,0.99
118922,1,354,-0.13,0.01,0.99
118942,1,360,-0.13,0.01,0.99
118962,1,348,-0.13,0.01,0.99
118977,1,347,-0.13,0.01,0.99
118998,1,345,-0.13,0.01,0.99
119018,1,335,-0.13,0.01,0.99
119038,1,331,-0.13,0.01,0.99
119059,1,328,-0.13,0.01,0.99
119079,1,330,-0.13,0.01,0.99
119099,1,330,-0.13,0.01,0.99
119119,1,332,-0.13,0.01,0.99
119139,1,333,-0.13,0.01,0.99
119159,1,330,-0.13,0.01,0.99
119179,1,330,-0.13,0.01,0.99
119199,1,319,-0.13,0.02,0.99
119220,1,324,-0.13,0.01,0.99
119240,1,324,-0.13,0.01,0.99
119260,1,323,-0.13,0.01,0.99
119280,1,328,-0.13,0.02,0.99
119301,1,328,-0.13,0.02,0.99
119321,1,317,-0.13,0.01,0.99
119342,1,314,-0.12,0.01,0.99
119362,1,297,-0.12,0.01,0.99
119383,1,299,-0.12,0.01,0.99
119403,1,306,-0.12,0.01,0.99
119424,1,308,-0.12,0.01,0.99
119444,1,311,3.67,8.66,-0.28
119459,1,308,3.67,8.66,-0.28
119474,1,317,3.67,8.66,-0.28
119494,1,311,-0.12,0.01,0.99
119515,1,312,-0.12,0.01,0.99
119535,1,300,-0.12,0.01,0.99
119557,1,301,-0.12,0.01,0.99
119577,1,294,-0.12,0.01,0.99
119598,1,299,-0.12,0.01,0.99
119618,1,301,-0.12,0.01,0.99
119639,1,303,-0.12,0.01,0.99
119659,1,304,-0.12,0.01,0.99
119680,1,310,-0.12,0.01,0.99
119700,1,310,-0.12,0.01,0.99
119720,1,311,-0.12,0.01,0.99
119740,1,314,-0.12,0.01,0.99
119760,1,310,-0.12,0.01,0.99
119780,1,317,-0.12,0.01,0.99
119800,1,321,-0.12,0.02,0.99
119820,1,323,-0.12,0.02,0.99
119840,1,322,-0.12,0.02,0.99
119860,1,324,-0.12,0.02,0.99
119880,1,321,-0.12,0.02,0.99
119901,1,324,-0.12,0.02,0.99
119921,1,323,-0.13,0.02,0.99
119942,1,312,-0.13,0.02,0.99
119957,1,308,-0.13,0.02,0.99
119977,1,315,-0.13,0.02,0.99
119998,1,300,-0.13,0.02,0.99
120018,1,305,-0.13,0.02,0.99
120038,1,306,-0.13,0.02,0.99
120058,1,309,-0.13,0.02,0.99
120078,1,307,-0.13,0.02,0.99
120098,1,310,-0.13,0.02,0.99
120118,1,315,-0.13,0.02,0.99
120138,1,316,-0.13,0.02,0.99
120158,1,304,-0.13,0.02,0.99
120178,1,311,-0.13,0.02,0.99
120198,1,308,-0.13,0.02,0.99
120218,1,306,-0.13,0.02,0.99
120240,1,303,-0.13,0.02,0.99
120260,1,297,-0.12,0.02,0.99
120281,1,276,-0.13,0.02,0.99
120301,1,275,-0.13,0.02,0.99
120322,1,282,-0.13,0.02,0.99
120342,1,278,-0.13,0.02,0.99
120363,1,276,-0.12,0.02,0.99
120383,1,280,-0.13,0.02,0.99
120403,1,273,-0.13,0.02,0.99
120423,1,281,-0.12,0.02,0.99
120438,1,278,-0.12,0.02,0.99
120458,1,271,-0.14,0.02,0.99
120478,1,275,-0.14,0.01,0.99
120498,1,271,-0.14,0.01,0.99
120518,1,273,-0.14,0.01,0.99
120539,1,258,-0.14,0.01,0.99
120559,1,277,-0.14,0.01,0.99
120581,1,271,-0.14,0.01,0.99
120601,1,280,-0.14,0.01,0.99
120622,1,282,-0.14,0.01,0.99
120642,1,292,-0.14,0.02,0.99
120663,1,292,-0.14,0.02,0.99
120683,1,302,-0.14,0.02,0.99
120704,1,296,-0.14,0.02,0.99
120724,1,304,-0.14,0.02,0.99
120744,1,311,-0.14,0.02,0.99
120764,1,309,-0.14,0.02,0.99
120784,1,313,-0.14,0.01,0.99
120804,1,306,-0.13,0.01,0.99
120824,1,297,-0.13,0.01,0.99
120844,1,295,-0.13,0.01,0.99
120864,1,291,-0.13,0.01,0.99
120884,1,292,-0.13,0.01,0.99
120904,1,291,1.43,2.47,-1.60
120920,1,306,1.43,2.47,-1.60
120935,1,303,1.43,2.47,-1.60
120955,1,312,-0.13,0.02,0.99
120975,1,312,-0.13,0.02,0.99
120995,1,313,-0.13,0.01,0.99
121015,1,312,-0.13,0.01,0.99
121035,1,307,-0.14,0.01,0.99
121055,1,306,-0.14,0.01,0.99
121075,1,292,-0.14,0.01,0.99
121095,1,275,-0.14,0.01,0.99
121115,1,273,-0.14,0.01,0.99
121136,1,285,-0.14,0.01,0.99
121156,1,275,-0.14,0.01,0.99
121177,1,294,-0.14,0.01,0.99
121197,1,303,-0.14,0.02,0.99
121218,1,302,-0.14,0.02,0.99
121238,1,308,-0.13,0.02,0.99
121260,1,315,-0.13,0.02,0.99
121280,1,322,-0.13,0.02,0.99
121300,1,323,-0.13,0.02,0.99
121321,1,328,-0.13,0.02,0.99
121341,1,326,-0.13,0.02,0.99
121361,1,331,-0.13,0.02,0.99
121381,1,332,-0.13,0.02,0.99
121401,1,332,-0.13,0.02,0.99
121416,1,337,-0.13,0.02,0.99
121436,1,339,-0.14,0.02,0.99
121456,1,331,-0.14,0.02,0.99
121477,1,324,-0.14,0.02,0.99
121497,1,317,-0.14,0.02,0.99
121518,1,319,-0.14,0.02,0.99
121538,1,323,-0.14,0.02,0.99
121559,1,328,-0.14,0.02,0.99
121579,1,331,-0.14,0.02,0.99
121601,1,334,-0.14,0.02,0.99
121621,1,341,-0.14,0.02,0.99
121641,1,324,-0.14,0.02,0.99
121662,1,336,-0.14,0.02,0.99
121682,1,338,-0.14,0.02,0.99
121702,1,334,-0.14,0.02,0.99
121722,1,317,-0.14,0.02,0.99
121742,1,325,-0.14,0.02,0.99
121762,1,330,-0.14,0.02,0.99
121782,1,338,-0.14,0.02,0.99
121802,1,343,-0.14,0.02,0.99
121822,1,329,-0.14,0.02,0.99
121842,1,341,-0.14,0.02,0.99
121862,1,338,-0.14,0.02,0.99
121882,1,337,-0.14,0.02,0.99
121897,1,326,-0.14,0.02,0.99
121918,1,332,-0.14,0.02,0.99
121938,1,336,-0.13,0.02,0.99
121959,1,336,-0.13,0.02,0.99
121979,1,333,-0.14,0.02,0.99
121999,1,332,-0.14,0.02,0.99
122019,1,320,-0.13,0.02,0.99
122039,1,320,-0.13,0.02,0.99
122059,1,325,-0.13,0.02,0.99
122079,1,316,-0.13,0.02,0.99
122099,1,311,-0.13,0.02,0.99
122119,1,316,-0.13,0.01,0.99
122139,1,318,-0.13,0.01,0.99
122160,1,324,-0.13,0.01,0.99
122180,1,329,-0.13,0.01,0.99
122201,1,317,-0.13,0.02,0.99
122221,1,322,-0.13,0.02,0.99
122242,1,313,-0.13,0.02,0.99
122262,1,315,-0.13,0.01,0.99
122283,1,314,-0.13,0.01,0.99
122304,1,321,-0.13,0.01,0.99
122324,1,325,-0.13,0.01,0.99
122345,1,324,-0.13,0.01,0.99
122365,1,326,1.44,-0.71,0.67
122380,1,327,1.44,-0.71,0.67
122395,1,333,1.44,-0.71,0.67
122416,1,328,-0.14,0.00,0.99
122436,1,323,-0.14,0.00,0.99
122457,1,321,-0.14,0.00,0.99
122477,1,303,-0.14,0.00,0.99
122498,1,302,-0.14,0.00,0.99
122518,1,317,-0.14,0.01,0.99
122539,1,332,-0.14,0.01,0.99
122559,1,337,-0.14,0.01,0.99
122579,1,343,-0.14,0.01,0.99
122599,1,338,-0.14,0.01,0.99
122619,1,332,-0.14,0.01,0.99
122640,1,318,-0.14,0.01,0.99
122660,1,325,-0.14,0.00,0.99
122680,1,326,-0.14,0.00,0.99
122700,1,332,-0.14,0.00,0.99
122720,1,340,-0.13,0.01,0.99
122740,1,348,-0.13,0.01,0.99
122760,1,349,-0.13,0.01,0.99
122780,1,350,-0.13,0.01,0.99
122801,1,339,-0.13,0.01,0.99
122821,1,332,-0.12,0.01,0.99
122842,1,329,-0.12,0.01,0.99
122862,1,334,-0.12,0.01,0.99
122877,1,332,-0.12,0.01,0.99
122897,1,332,-0.14,0.01,0.99
122917,1,333,-0.14,0.01,0.99
122937,1,331,-0.14,0.00,0.99
122957,1,332,-0.14,0.00,0.99
122978,1,331,-0.14,0.00,0.99
122998,1,340,-0.14,0.00,0.99
123018,1,342,-0.14,0.00,0.99
123038,1,345,-0.14,0.00,0.99
123058,1,347,-0.14,0.00,0.99
123078,1,351,-0.14,0.00,0.99
123099,1,350,-0.14,0.00,0.99
123119,1,351,-0.14,0.00,0.99
123140,1,352,-0.14,0.00,0.99
123160,1,351,-0.14,0.00,0.99
123181,1,354,-0.14,0.00,0.99
123201,1,356,-0.14,0.01,0.99
123222,1,357,-0.14,0.01,0.99
123242,1,352,-0.14,0.01,0.99
123262,1,348,-0.14,0.00,0.99
123283,1,338,-0.14,0.00,0.99
123303,1,330,-0.14,0.00,0.99
123324,1,311,-0.14,0.01,0.99
123344,1,302,-0.14,0.01,0.99
123359,1,309,-0.14,0.01,0.99
123379,1,331,-0.15,0.00,0.99
123399,1,309,-0.15,0.00,0.99
123419,1,321,-0.15,0.00,0.99
123440,1,319,-0.14,0.00,0.99
123460,1,327,-0.14,0.00,0.99
123481,1,345,-0.14,0.00,0.99
123501,1,352,-0.14,0.00,0.99
123522,1,346,-0.14,0.00,0.99
123542,1,352,-0.14,0.00,0.99
123563,1,372,-0.13,0.00,0.99
123583,1,375,-0.13,0.00,0.99
123603,1,378,-0.14,0.00,0.99
123623,1,379,-0.13,0.00,0.99
123643,1,378,-0.13,0.00,0.99
123664,1,393,-0.13,0.00,0.99
123684,1,384,-0.13,0.00,0.99
123704,1,390,-0.13,0.01,0.99
123724,1,393,-0.13,0.01,0.99
123744,1,391,-0.13,0.01,0.99
123764,1,392,-0.13,0.01,0.99
123784,1,388,-0.13,0.01,0.99
123804,1,378,-0.13,0.01,0.99
123825,1,380,-0.13,0.01,0.99
123840,1,377,-0.13,0.01,0.99
123860,1,371,-0.15,0.01,0.99
123881,1,359,-0.15,0.01,0.99
123901,1,360,-0.15,0.01,0.99
123921,1,363,-0.14,0.01,0.99
123941,1,364,-0.14,0.01,0.99
123961,1,366,-0.14,0.01,0.99
123981,1,362,-0.14,0.01,0.99
124002,1,354,-0.14,0.01,0.99
124022,1,353,-0.14,0.01,0.99
124042,1,352,-0.14,0.01,0.99
124062,1,328,-0.14,0.01,0.99
124082,1,326,-0.14,0.01,0.99
124102,1,342,-0.14,0.01,0.99
124123,1,337,-0.15,0.01,0.99
124143,1,340,-0.15,0.01,0.99
124164,1,351,-0.15,0.01,0.99
124184,1,346,-0.15,0.01,0.99
124205,1,347,-0.15,0.01,0.99
124225,1,345,-0.15,0.01,0.99
124246,1,350,-0.15,0.01,0.99
124266,1,349,-0.15,0.01,0.99
124286,1,342,-0.15,0.01,0.99
124302,1,335,-0.15,0.01,0.99
124317,1,311,-0.15,0.01,0.99
124339,1,326,-0.14,0.02,0.99
124359,1,329,-0.14,0.02,0.99
124380,1,335,-0.14,0.02,0.99
124400,1,333,-0.14,0.02,0.99
124421,1,334,-0.14,0.02,0.99
124441,1,330,-0.14,0.02,0.99
124462,1,320,-0.14,0.02,0.99
124482,1,321,-0.14,0.02,0.99
124503,1,326,-0.14,0.02,0.99
124523,1,332,-0.14,0.01,0.99
124544,1,335,-0.14,0.01,0.99
124564,1,336,-0.14,0.01,0.99
124584,1,326,-0.14,0.01,0.99
124604,1,331,-0.14,0.01,0.99
124624,1,317,-0.14,0.01,0.99
124644,1,305,-0.14,0.01,0.99
124664,1,312,-0.14,0.01,0.99
124685,1,318,-0.14,0.01,0.99
124705,1,314,-0.14,0.01,0.99
124725,1,315,-0.14,0.01,0.99
124745,1,319,-0.14,0.02,0.99
124765,1,316,-0.14,0.02,0.99
124785,1,314,-0.14,0.02,0.99
124801,1,317,-0.14,0.02,0.99
124821,1,316,-0.15,0.02,0.99
124841,1,311,-0.15,0.02,0.99
124862,1,305,-0.15,0.02,0.99
124882,1,305,-0.15,0.02,0.99
124902,1,301,-0.15,0.02,0.99
124922,1,301,-0.15,0.02,0.99
124942,1,303,-0.14,0.02,0.99
124962,1,300,-0.14,0.02,0.99
124982,1,297,-0.14,0.02,0.99
125002,1,303,-0.14,0.02,0.99
125023,1,292,-0.14,0.02,0.99
125043,1,303,-0.14,0.02,0.99
125063,1,294,-0.15,0.02,0.99
125083,1,314,-0.14,0.02,0.99
125104,1,309,-0.14,0.02,0.99
125124,1,313,-0.15,0.02,0.99
125145,1,308,-0.15,0.02,0.99
125165,1,298,-0.14,0.02,0.99
125186,1,302,-0.15,0.02,0.99
125206,1,287,-0.15,0.02,0.99
125227,1,286,-0.15,0.02,0.99
125247,1,290,-0.14,0.02,0.99
125262,1,287,-0.14,0.02,0.99
125277,1,284,-0.14,0.02,0.99
125297,1,293,-0.15,0.01,0.99
125318,1,294,-0.15,0.01,0.99
125338,1,291,-0.15,0.01,0.99
125360,1,303,-0.15,0.01,0.99
125380,1,305,-0.15,0.02,0.99
125401,1,310,-0.15,0.02,0.99
125421,1,305,-0.15,0.02,0.99
125442,1,297,-0.15,0.02,0.99
125462,1,306,-0.15,0.02,0.99
125483,1,311,-0.14,0.02,0.99
125503,1,320,-0.14,0.02,0.99
125523,1,316,-0.14,0.02,0.99
125543,1,317,-0.14,0.02,0.99
125563,1,318,-0.14,0.02,0.99
125583,1,325,-0.14,0.01,0.99
125603,1,330,-0.14,0.01,0.99
125623,1,328,-0.14,0.01,0.99
125643,1,329,-0.14,0.01,0.99
125663,1,333,-0.14,0.01,0.99
125683,1,331,-0.14,0.01,0.99
125704,1,314,-0.14,0.01,0.99
125724,1,313,-0.14,0.01,0.99
125745,1,313,-0.14,0.01,0.99
125760,1,315,-0.14,0.01,0.99
125780,1,323,-0.14,0.01,0.99
125801,1,328,-0.14,0.01,0.99
125821,1,327,-0.14,0.01,0.99
125841,1,337,-0.14,0.01,0.99
125861,1,332,-0.13,0.01,0.99
125881,1,333,-0.13,0.01,0.99
125901,1,341,-0.13,0.01,0.99
125921,1,331,-0.13,0.01,0.99
125941,1,332,-0.13,0.01,0.99
125961,1,332,-0.13,0.01,0.99
125981,1,332,-0.13,0.01,0.99
126001,1,328,-0.13,0.01,0.99
126021,1,323,-0.13,0.01,0.99
126043,1,310,-0.14,0.01,0.99
126063,1,319,-0.14,0.01,0.99
126084,1,321,-0.14,0.01,0.99
126104,1,317,-0.14,0.01,0.99
126125,1,322,-0.14,0.01,0.99
126145,1,316,-0.14,0.01,0.99
126166,1,320,-0.14,0.01,0.99
126186,1,327,-0.14,0.01,0.99
126206,1,336,-0.14,0.01,0.99
126227,1,338,-0.12,0.06,0.32
126242,1,337,-0.12,0.06,0.32
126257,1,337,-0.12,0.06,0.32
126277,1,340,-0.13,0.01,0.99
126298,1,343,-0.13,0.01,0.99
126318,1,347,-0.13,0.01,0.99
126339,1,353,-0.13,0.01,0.99
126359,1,352,-0.13,0.01,0.99
126381,1,341,-0.13,0.01,0.99
126401,1,332,-0.13,0.01,0.99
126422,1,322,-0.13,0.01,0.99
126442,1,326,-0.13,0.01,0.99
126462,1,325,-0.13,0.01,0.99
126483,1,332,-0.13,0.01,0.99
126503,1,323,-0.13,0.01,0.99
126523,1,325,-0.13,0.01,0.99
126543,1,335,-0.13,0.01,0.99
126563,1,326,-0.13,0.01,0.99
126583,1,328,-0.13,0.01,0.99
126603,1,328,-0.13,0.01,0.99
126623,1,336,-0.13,0.01,0.99
126643,1,337,-0.13,0.01,0.99
126663,1,342,-0.13,0.01,0.99
126684,1,337,-0.13,0.01,0.99
126704,1,339,-0.13,0.01,0.99
126726,1,343,-0.13,0.01,0.99
126741,1,341,-0.13,0.01,0.99
126761,1,336,-0.13,0.02,0.99
126782,1,333,-0.13,0.02,0.99
126802,1,326,-0.13,0.02,0.99
126822,1,326,-0.13,0.02,0.99
126842,1,323,-0.12,0.02,0.99
126862,1,324,-0.13,0.02,0.99
126882,1,317,-0.13,0.02,0.99
126902,1,324,-0.13,0.02,0.99
126922,1,311,-0.13,0.01,0.99
126942,1,327,-0.13,0.01,0.99
126962,1,328,-0.13,0.02,0.99
126982,1,333,-0.13,0.02,0.99
127002,1,336,-0.13,0.02,0.99
127023,1,340,-0.14,0.02,0.99
127043,1,345,-0.14,0.02,0.99
127064,1,353,-0.14,0.02,0.99
127085,1,353,-0.13,0.02,0.99
127106,1,345,-0.14,0.02,0.99
127126,1,341,-0.14,0.02,0.99
127147,1,339,-0.14,0.02,0.99
127167,1,343,-0.14,0.02,0.99
127187,1,340,-0.14,0.02,0.99
127207,1,342,1.26,5.88,-0.05
127222,1,344,1.26,5.88,-0.05
127237,1,342,1.26,5.88,-0.05
127257,1,340,-0.13,0.01,0.99
127278,1,341,-0.12,0.01,0.99
127298,1,341,-0.12,0.01,0.99
127319,1,343,-0.13,0.01,0.99
127339,1,346,-0.13,0.01,0.99
127360,1,348,-0.13,0.01,0.99
127380,1,342,-0.13,0.01,0.99
127400,1,328,-0.13,0.01,0.99
127422,1,335,-0.13,0.01,0.99
127442,1,341,-0.13,0.01,0.99
127462,1,345,-0.13,0.01,0.99
127482,1,341,-0.13,0.01,0.99
127502,1,345,-0.13,0.01,0.99
127522,1,341,-0.13,0.01,0.99
127542,1,335,-0.13,0.01,0.99
127562,1,333,-0.13,0.01,0.99
127582,1,322,-0.14,0.01,0.99
127602,1,329,-0.13,0.01,0.99
127622,1,318,-0.13,0.01,0.99
127642,1,314,-0.13,0.01,0.99
127663,1,309,-0.14,0.01,0.99
127683,1,298,-0.13,0.01,0.99
127704,1,299,-0.13,0.01,0.99
127719,1,301,-0.13,0.01,0.99
127739,1,303,-0.14,0.01,0.99
127760,1,314,-0.14,0.01,0.99
127780,1,307,-0.14,0.00,0.99
127800,1,304,-0.14,0.00,0.99
127820,1,314,-0.14,0.00,0.99
127840,1,313,-0.14,0.00,0.99
127860,1,317,-0.14,0.01,0.99
127880,1,321,-0.15,0.01,0.99
127900,1,328,-0.14,0.01,0.99
127921,1,333,-0.14,0.01,0.99
127941,1,332,-0.15,0.01,0.99
127962,1,334,-0.14,0.01,0.99
127982,1,337,-0.14,0.01,0.99
128003,1,336,-0.14,0.01,0.99
128023,1,341,-0.14,0.01,0.99
128044,1,340,-0.14,0.01,0.99
128064,1,334,-0.14,0.01,0.99
128084,1,332,-0.14,0.01,0.99
128106,1,333,-0.14,0.01,0.99
128126,1,336,-0.14,0.01,0.99
128147,1,331,-0.14,0.01,0.99
128167,1,332,-0.14,0.01,0.99
128187,1,332,-0.14,0.01,0.99
128202,1,321,-0.14,0.01,0.99
128222,1,311,-0.14,0.01,0.99
128242,1,309,-0.14,0.01,0.99
128262,1,303,-0.14,0.01,0.99
128282,1,313,-0.14,0.01,0.99
128303,1,317,-0.14,0.01,0.99
128323,1,317,-0.14,0.01,0.99
128344,1,306,-0.14,0.01,0.99
128364,1,292,-0.14,0.01,0.99
128385,1,276,-0.14,0.01,0.99
128405,1,272,-0.14,0.01,0.99
128425,1,271,-0.14,0.01,0.99
128447,1,280,-0.14,0.01,0.99
128467,1,281,-0.14,0.01,0.99
128487,1,283,-0.14,0.01,0.99
128507,1,289,-0.14,0.01,0.99
128527,1,290,-0.14,0.01,0.99
128547,1,291,-0.14,0.01,0.99
128567,1,288,-0.14,0.01,0.99
128587,1,289,-0.14,0.01,0.99
128607,1,291,-0.14,0.01,0.99
128627,1,290,-0.14,0.01,0.99
128647,1,290,-0.14,0.01,0.99
128667,1,284,-0.14,0.01,0.98
128683,1,283,-0.14,0.01,0.98
128703,1,278,-0.14,0.01,0.99
128723,1,276,-0.14,0.01,0.99
128743,1,272,-0.14,0.01,0.99
128763,1,260,-0.14,0.01,0.99
128784,1,261,-0.14,0.01,0.99
128804,1,257,-0.14,0.01,0.99
128824,1,261,-0.14,0.01,0.99
128844,1,273,-0.14,0.01,0.99
128864,1,267,-0.14,0.01,0.99
128884,1,284,-0.14,0.01,0.99
128904,1,293,-0.14,0.01,0.99
128924,1,298,-0.14,0.01,0.99
128945,1,305,-0.14,0.01,0.99
128965,1,307,-0.14,0.01,0.99
128986,1,306,-0.14,0.01,0.99
129006,1,299,-0.14,0.01,0.99
129027,1,293,-0.14,0.01,0.99
129047,1,294,-0.14,0.01,0.99
129068,1,296,-0.14,0.01,0.99
129088,1,300,-0.14,0.01,0.99
129108,1,298,-0.14,0.01,0.99
129130,1,299,-0.14,0.01,0.99
129145,1,300,-0.14,0.01,0.99
129165,1,302,-0.14,0.01,0.99
129185,1,293,-0.14,0.01,0.99
129205,1,287,-0.14,0.01,0.99
129225,1,282,-0.14,0.01,0.99
129245,1,277,-0.14,0.01,0.99
129265,1,274,-0.14,0.01,0.99
129286,1,277,-0.14,0.01,0.99
129306,1,285,-0.14,0.01,0.99
129327,1,283,-0.14,0.01,0.99
129347,1,284,-0.14,0.01,0.99
129368,1,288,-0.14,0.01,0.99
129388,1,286,-0.14,0.01,0.99
129409,1,288,-0.14,0.01,0.99
129429,1,294,-0.14,0.01,0.99
129449,1,297,-0.14,0.01,0.99
129471,1,286,-0.14,0.01,0.99
129491,1,297,-0.14,0.01,0.99
129511,1,296,-0.14,0.01,0.99
129531,1,288,-0.14,0.01,0.99
129551,1,281,-0.14,0.01,0.99
129571,1,278,-0.14,0.01,0.99
129591,1,280,-0.14,0.01,0.99
129611,1,279,-0.13,0.01,0.99
129626,1,281,-0.13,0.01,0.99
129646,1,273,-0.14,0.01,0.99
129667,1,256,-0.14,0.01,0.99
129687,1,252,-0.14,0.01,0.99
129708,1,246,-0.14,0.01,0.99
129728,1,255,-0.14,0.01,0.99
129748,1,238,-0.14,0.01,0.99
129769,1,250,-0.14,0.01,0.99
129789,1,250,-0.14,0.01,0.99
129811,1,248,-0.14,0.01,0.99
129831,1,249,-0.14,0.01,0.99
129851,1,260,-0.14,0.01,0.99
129871,1,259,-0.14,0.01,0.99
129891,1,264,-0.14,0.01,0.99
129911,1,282,-0.14,0.01,0.99
129931,1,277,-0.14,0.01,0.99
129951,1,292,-0.14,0.01,0.99
129971,1,270,-0.14,0.01,0.99
129991,1,268,-0.14,0.01,0.99
130012,1,277,-0.14,0.01,0.99
130032,1,285,-0.14,0.01,0.99
130053,1,274,-0.14,0.01,0.99
130073,1,293,-0.14,0.01,0.99
130094,1,297,-0.14,0.01,0.99
130109,1,302,-0.14,0.01,0.99
130129,1,301,-0.13,0.01,0.99
130150,1,302,-0.13,0.01,0.99
130170,1,294,-0.13,0.01,0.99
130190,1,302,-0.13,0.01,0.99
130210,1,296,-0.13,0.01,0.99
130230,1,290,-0.13,0.01,0.99
130250,1,293,-0.13,0.01,0.99
130270,1,296,-0.13,0.01,0.99
130290,1,302,-0.13,0.01,0.99
130310,1,295,-0.13,0.01,0.99
130330,1,302,-0.13,0.01,0.99
130351,1,309,-0.13,0.01,0.99
130371,1,308,-0.13,0.01,0.99
130392,1,290,-0.13,0.01,0.99
130412,1,292,-0.13,0.01,0.99
130433,1,275,-0.13,0.01,0.99
130453,1,271,-0.13,0.01,0.99
130473,1,282,-0.14,0.01,0.99
130495,1,285,-0.14,0.01,0.99
130515,1,293,-0.14,0.01,0.99
130535,1,295,-0.14,0.01,0.99
130555,1,297,-0.14,0.02,0.99
130575,1,300,-0.14,0.02,0.99
130590,1,299,-0.14,0.02,0.99
130610,1,297,-0.14,0.01,0.99
130630,1,308,-0.14,0.01,0.99
130651,1,311,-0.14,0.01,0.99
130671,1,311,-0.14,0.01,0.99
130692,1,305,-0.14,0.01,0.99
130712,1,299,-0.14,0.01,0.99
130733,1,304,-0.14,0.01,0.99
130753,1,297,-0.14,0.01,0.99
130774,1,300,-0.14,0.01,0.99
130794,1,312,-0.14,0.01,0.99
130814,1,315,-0.14,0.01,0.99
130836,1,320,-0.14,0.01,0.99
130856,1,321,-0.15,0.01,0.99
130876,1,319,-0.14,0.01,0.99
130896,1,320,-0.14,0.01,0.99
130916,1,329,-0.14,0.01,0.99
130936,1,328,-0.14,0.01,0.99
130956,1,328,-0.14,0.01,0.99
130976,1,330,-0.14,0.01,0.99
130996,1,330,-0.14,0.01,0.99
131016,1,328,-0.14,0.01,0.99
131036,1,330,-0.14,0.01,0.99
131056,1,331,-0.14,0.01,0.99
131072,1,328,-0.14,0.01,0.99
131092,1,324,-0.13,0.01,0.99
131112,1,330,-0.13,0.01,0.99
131132,1,331,-0.13,0.01,0.99
131152,1,329,-0.13,0.01,0.99
131173,1,326,-0.13,0.01,0.99
131193,1,323,-0.13,0.01,0.99
131213,1,317,-0.13,0.01,0.99
131233,1,315,-0.13,0.01,0.99
131253,1,309,-0.13,0.01,0.99
131273,1,309,-0.14,0.01,0.99
131293,1,321,-0.14,0.01,0.99
131313,1,329,-0.14,0.01,0.99
131334,1,330,-0.14,0.01,0.99
131354,1,328,-0.14,0.01,0.99
131375,1,320,-0.14,0.01,0.99
131395,1,321,-0.14,0.01,0.99
131416,1,321,-0.14,0.01,0.99
131436,1,313,-0.14,0.01,0.99
131457,1,294,-0.14,0.01,0.99
131477,1,305,-0.14,0.01,0.99
131497,1,302,-0.14,0.01,0.99
131519,1,302,-0.14,0.01,0.99
131539,1,305,2.85,0.67,1.91
131554,1,306,2.85,0.67,1.91
131574,1,300,-0.14,0.01,0.99
131594,1,297,-0.14,0.01,0.99
131614,1,289,-0.14,0.01,0.99
131634,1,292,-0.15,0.01,0.99
131654,1,285,-0.15,0.01,0.99
131675,1,298,-0.15,0.01,0.99
131695,1,294,-0.15,0.01,0.99
131716,1,302,-0.15,0.01,0.99
131736,1,308,-0.15,0.01,0.99
131757,1,314,-0.15,0.01,0.99
131777,1,295,-0.15,0.01,0.99
131798,1,304,-0.15,0.01,0.99
131818,1,304,-0.14,0.01,0.99
131838,1,300,-0.14,0.01,0.99
131859,1,303,-0.14,0.01,0.99
131880,1,301,-0.14,0.01,0.99
131900,1,297,-0.14,0.01,0.99
131920,1,291,-0.14,0.01,0.99
131940,1,294,-0.14,0.01,0.99
131960,1,296,-0.14,0.01,0.99
131980,1,299,-0.14,0.01,0.99
132000,1,287,-0.14,0.01,0.99
132020,1,288,0.23,2.24,-1.31
132035,1,284,0.23,2.24,-1.31
132050,1,284,0.23,2.24,-1.31
132070,1,284,-0.14,0.01,0.99
132090,1,284,-0.14,0.01,0.99
132110,1,282,-0.14,0.01,0.99
132130,1,279,-0.14,0.01,0.99
132150,1,270,-0.14,0.01,0.99
132170,1,262,-0.15,0.01,0.99
132190,1,257,-0.15,0.01,0.99
132211,1,270,-0.15,0.01,0.99
132231,1,274,-0.15,0.01,0.99
132251,1,279,-0.15,0.01,0.99
132272,1,282,-0.15,0.01,0.99
132292,1,290,-0.15,0.01,0.99
132313,1,290,-0.15,0.01,0.99
132333,1,292,-0.15,0.01,0.99
132354,1,289,-0.15,0.01,0.99
132374,1,289,-0.15,0.02,0.99
132395,1,285,-0.14,0.02,0.99
132415,1,282,-0.15,0.02,0.99
132435,1,290,-0.15,0.01,0.99
132455,1,288,-0.15,0.01,0.99
132475,1,281,-0.14,0.01,0.99
132495,1,290,-0.15,0.01,0.99
132515,1,296,-0.15,0.01,0.99
132530,1,294,-0.15,0.01,0.99
132552,1,296,-0.15,0.01,0.99
132572,1,297,-0.15,0.01,0.99
132592,1,297,-0.15,0.01,0.99
132613,1,291,-0.15,0.01,0.99
132633,1,293,-0.15,0.01,0.99
132654,1,291,-0.15,0.01,0.99
132674,1,285,-0.15,0.01,0.99
132695,1,300,-0.15,0.01,0.99
132715,1,297,-0.15,0.01,0.99
132736,1,296,-0.15,0.01,0.99
132756,1,318,-0.15,0.01,0.99
132776,1,321,-0.15,0.01,0.99
132796,1,323,-0.15,0.01,0.99
132816,1,318,-0.15,0.01,0.99
132836,1,316,-0.15,0.01,0.99
132856,1,316,-0.15,0.01,0.99
132876,1,321,-0.15,0.01,0.99
132897,1,326,-0.15,0.01,0.99
132917,1,329,-0.15,0.01,0.99
132937,1,327,-0.15,0.01,0.99
132957,1,335,-0.15,0.01,0.99
132977,1,337,-0.15,0.01,0.99
132998,1,331,-0.15,0.01,0.99
133013,1,330,-0.15,0.01,0.99
133033,1,320,-0.14,0.01,0.99
133054,1,322,-0.14,0.01,0.99
133074,1,315,-0.14,0.01,0.99
133094,1,310,-0.14,0.01,0.99
133114,1,313,-0.14,0.01,0.99
133134,1,310,-0.14,0.01,0.99
133154,1,298,-0.14,0.01,0.99
133174,1,312,-0.14,0.01,0.99
133194,1,310,-0.14,0.01,0.99
133214,1,313,-0.14,0.01,0.99
133235,1,317,-0.14,0.01,0.99
133255,1,310,-0.14,0.01,0.99
133275,1,298,-0.14,0.01,0.99
133296,1,288,-0.14,0.01,0.99
133316,1,293,-0.14,0.01,0.99
133337,1,288,-0.14,0.01,0.99
133357,1,289,-0.14,0.01,0.99
133378,1,286,-0.14,0.01,0.99
133398,1,292,-0.14,0.01,0.99
133419,1,298,-0.14,0.01,0.99
133439,1,300,-0.14,0.01,0.99
133459,1,302,-0.14,0.01,0.99
133479,1,303,-0.14,0.01,0.99
133494,1,299,-0.14,0.01,0.99
133514,1,305,-0.14,0.01,0.99
133534,1,304,-0.14,0.01,0.99
133554,1,296,-0.15,0.01,0.99
133575,1,287,-0.15,0.01,0.99
133596,1,274,-0.15,0.01,0.99
133616,1,267,-0.15,0.01,0.99
133637,1,255,-0.15,0.01,0.99
133657,1,255,-0.15,0.01,0.99
133678,1,257,-0.15,0.01,0.99
133698,1,255,-0.15,0.01,0.99
133719,1,257,-0.15,0.01,0.99
133739,1,264,-0.15,0.01,0.99
133760,1,268,-0.15,0.01,0.99
133780,1,269,-0.15,0.01,0.99
133800,1,270,-0.15,0.01,0.99
133820,1,269,-0.15,0.01,0.99
133840,1,268,-0.15,0.01,0.99
133860,1,270,-0.15,0.01,0.99
133880,1,278,-0.15,0.01,0.99
133900,1,268,-0.15,0.01,0.99
133921,1,273,-0.15,0.01,0.99
133941,1,276,-0.15,0.01,0.99
133961,1,263,-9.63,0.88,2.14
133976,1,264,-9.63,0.88,2.14
133991,1,266,-9.63,0.88,2.14
134011,1,264,-0.13,0.01,0.99
134031,1,254,-0.13,0.01,0.99
134051,1,247,-0.13,0.01,0.99
134071,1,230,-0.13,0.01,0.99
134091,1,239,-0.13,0.01,0.99
134111,1,233,-0.13,0.01,0.99
134131,1,250,-0.13,0.01,0.99
134151,1,248,-0.14,0.01,0.99
134171,1,261,-0.14,0.01,0.99
134192,1,270,-0.14,0.01,0.99
134212,1,269,-0.14,0.01,0.99
134233,1,257,-0.14,0.01,0.99
134254,1,271,-0.14,0.01,0.99
134275,1,262,-0.14,0.01,0.99
134295,1,258,-0.14,0.01,0.99
134316,1,251,-0.14,0.01,0.99
134336,1,267,-0.14,0.01,0.99
134356,1,268,-0.14,0.01,0.99
134377,1,274,-0.14,0.01,0.99
134397,1,280,-0.14,0.01,0.99
134417,1,280,-0.14,0.01,0.99
134437,1,271,-0.14,0.01,0.99
134457,1,280,-0.14,0.01,0.99
134472,1,274,-0.14,0.01,0.99
134492,1,263,-0.14,0.01,0.99
134512,1,262,-0.14,0.01,0.99
134533,1,254,-0.14,0.01,0.99
134553,1,260,-0.14,0.01,0.99
134574,1,263,-0.14,0.01,0.99
134595,1,257,-0.14,0.01,0.99
134616,1,266,-0.14,0.01,0.99
134636,1,271,-0.14,0.01,0.99
134657,1,258,-0.15,0.01,0.99
134677,1,275,-0.15,0.01,0.99
134697,1,282,-0.14,0.01,0.99
134718,1,290,-0.14,0.01,0.99
134738,1,287,-0.15,0.01,0.99
134758,1,280,-0.15,0.01,0.99
134778,1,285,-0.14,0.01,0.99
134798,1,266,-0.14,0.01,0.99
134818,1,271,-0.14,0.01,0.99
134838,1,284,-0.14,0.01,0.99
134858,1,293,-0.14,0.01,0.99
134878,1,298,-0.14,0.01,0.99
134898,1,305,-0.14,0.01,0.99
134918,1,285,-0.14,0.01,0.99
134939,1,297,-0.14,0.01,0.99
134955,1,292,-0.14,0.01,0.99
134975,1,303,-0.14,0.00,0.99
134995,1,312,-0.14,0.01,0.99
135015,1,322,-0.14,0.01,0.99
135035,1,320,-0.14,0.01,0.99
135055,1,322,-0.14,0.01,0.99
135075,1,320,-0.14,0.01,0.99
135095,1,323,-0.14,0.01,0.99
135115,1,322,-0.14,0.01,0.99
135135,1,326,-0.14,0.01,0.99
135155,1,324,-0.14,0.01,0.99
135175,1,318,-0.14,0.01,0.99
135195,1,317,-0.14,0.01,0.99
135216,1,314,-0.14,0.01,0.99
135236,1,313,-0.14,0.01,0.99
135257,1,320,-0.14,0.01,0.99
135278,1,323,-0.14,0.01,0.99
135299,1,327,-0.14,0.01,0.99
135319,1,326,-0.14,0.01,0.99
135340,1,329,-0.14,0.01,0.99
135360,1,327,-0.14,0.01,0.99
135380,1,333,-0.14,0.01,0.99
135401,1,329,-0.14,0.01,0.99
135421,1,327,-0.30,-5.22,0.18
135436,1,332,-0.30,-5.22,0.18
135456,1,337,-0.14,0.01,0.99
135476,1,338,-0.14,0.01,0.99
135496,1,345,-0.14,0.01,0.99
135516,1,346,-0.14,0.01,0.99
135536,1,343,-0.14,0.01,0.99
135557,1,342,-0.15,0.01,0.99
135577,1,346,-0.15,0.01,0.99
135598,1,348,-0.15,0.01,0.99
135619,1,349,-0.15,0.01,0.99
135640,1,346,-0.15,0.01,0.99
135660,1,340,-0.15,0.01,0.99
135681,1,332,-0.15,0.01,0.99
135701,1,330,-0.15,0.01,0.99
135721,1,315,-0.15,0.01,0.99
135742,1,315,-0.15,0.01,0.99
135762,1,315,-0.15,0.01,0.99
135782,1,307,-0.15,0.01,0.99
135802,1,301,-0.15,0.01,0.99
135822,1,308,-0.15,0.01,0.99
135842,1,313,-0.15,0.01,0.99
135862,1,310,-0.15,0.01,0.99
135882,1,310,-0.15,0.01,0.99
135902,1,305,-0.08,0.04,0.36
135917,1,310,-0.08,0.04,0.36
135932,1,299,-0.08,0.04,0.36
135960,1,299,-0.14,0.01,0.99
135981,1,303,-0.14,0.01,0.99
136001,1,291,-0.14,0.01,0.99
136022,1,291,-0.14,0.01,0.99
136042,1,297,-0.14,0.01,0.99
136062,1,288,-0.13,0.01,0.99
136083,1,273,-0.13,0.01,0.99
136103,1,273,-0.14,0.01,0.99
136123,1,257,-0.14,0.01,0.99
136143,1,255,-0.14,0.01,0.99
136163,1,266,-0.14,0.01,0.99
136183,1,267,-0.14,0.01,0.99
136203,1,286,-0.14,0.01,0.99
136223,1,314,-0.14,0.01,0.99
136243,1,296,-0.14,0.01,0.99
136263,1,280,-0.14,0.01,0.99
136284,1,274,-0.13,0.01,0.99
136305,1,272,-0.13,0.01,0.99
136326,1,251,-0.14,0.01,0.99
136346,1,217,-0.14,0.01,0.99
136367,1,216,-0.14,0.01,0.99
136387,1,220,-0.14,0.01,0.99
136402,1,246,-0.14,0.01,0.99
136422,1,247,-0.14,0.02,0.99
136442,1,260,-0.14,0.02,0.99
136462,1,251,-0.14,0.03,0.99
136482,1,257,-0.14,0.02,0.99
136502,1,244,-0.13,0.02,0.99
136522,1,252,-0.13,0.02,0.99
136542,1,253,-0.13,0.02,0.99
136562,1,261,-0.13,0.02,0.99
136582,1,269,-0.13,0.02,0.99
136602,1,271,-0.13,0.02,0.99
136623,1,258,-0.13,0.02,0.99
136644,1,237,-0.13,0.02,0.99
136665,1,239,-0.13,0.02,0.99
136685,1,239,-0.13,0.02,0.99
136706,1,236,-0.13,0.02,0.99
136726,1,245,-0.13,0.02,0.99
136747,1,251,-0.13,0.01,0.99
136767,1,243,-0.13,0.01,0.99
136787,1,264,-0.13,0.01,0.99
136807,1,250,-0.13,0.01,0.99
136827,1,270,-0.13,0.01,0.99
136847,1,282,-0.13,0.01,0.99
136867,1,286,-0.13,0.01,0.99
136882,1,289,-0.13,0.01,0.99
136902,1,305,-0.13,0.01,0.99
136923,1,317,-0.13,0.01,0.99
136943,1,319,-0.13,0.01,0.99
136964,1,340,-0.13,0.01,0.99
136985,1,334,-0.13,0.01,0.99
137006,1,312,-0.14,0.01,0.99
137026,1,309,-0.14,0.01,0.99
137047,1,313,-0.14,0.00,0.99
137067,1,298,-0.14,0.00,0.99
137088,1,290,-0.14,0.00,0.99
137108,1,290,-0.14,0.00,0.99
137128,1,289,-0.14,0.00,0.99
137148,1,288,-0.14,0.00,0.99
137168,1,289,-0.14,0.00,0.99
137188,1,270,-0.14,0.00,0.99
137208,1,276,-0.14,0.00,0.99
137228,1,276,-0.14,0.00,0.99
137248,1,303,-0.14,0.00,0.99
137268,1,299,-0.14,0.01,0.99
137288,1,300,-0.14,0.00,0.99
137308,1,285,-0.14,0.01,0.99
137328,1,282,-0.14,0.01,0.99
137350,1,286,-0.14,0.01,0.99
137365,1,274,-0.14,0.01,0.99
137385,1,267,-0.13,0.00,0.99
137406,1,251,-0.13,0.00,0.99
137426,1,236,-0.13,0.00,0.99
137446,1,225,-0.13,0.00,0.99
137466,1,224,-0.13,0.00,0.99
137486,1,222,-0.13,0.00,0.99
137506,1,215,-0.13,0.00,0.99
137526,1,219,-0.13,0.00,0.99
137546,1,224,-0.13,0.00,0.99
137566,1,215,-0.13,0.00,0.99
137586,1,223,-0.13,0.00,0.99
137606,1,212,-0.13,0.00,0.99
137626,1,190,-0.13,0.00,0.99
137647,1,180,-0.13,0.00,0.99
137667,1,187,-0.13,0.00,0.99
137689,1,190,-0.13,0.00,0.99
137709,1,189,-0.13,0.00,0.99
137730,1,182,-0.13,0.00,0.99
137750,1,190,-0.13,0.00,0.99
137771,1,186,-0.13,0.00,0.99
137791,1,201,-0.13,0.00,0.99
137811,1,189,-0.14,0.00,0.99
137831,1,200,-0.14,0.00,0.99
137846,1,188,-0.14,0.00,0.99
137866,1,195,-0.14,0.00,0.99
137886,1,188,-0.14,0.00,0.99
137906,1,187,-0.14,0.00,0.99
137926,1,188,-0.14,0.00,0.99
137947,1,188,-0.13,0.00,0.99
137967,1,189,-0.13,0.00,0.99
137988,1,180,-0.13,0.01,0.99
138008,1,187,-0.13,0.01,0.99
138030,1,183,-0.13,0.01,0.99
138050,1,194,-0.13,0.01,0.99
138071,1,217,-0.13,0.01,0.99
138091,1,238,-0.13,0.01,0.99
138112,1,245,-0.13,0.01,0.99
138132,1,238,-0.13,0.00,0.99
138152,1,229,-0.13,0.00,0.99
138172,1,225,-0.13,0.00,0.99
138192,1,219,-0.13,0.00,0.99
138212,1,229,-0.13,0.00,0.99
138232,1,228,-0.13,0.00,0.99
138252,1,240,-0.13,0.00,0.99
138272,1,238,-0.13,0.00,0.99
138292,1,227,-0.13,0.00,0.99
138312,1,228,-0.03,-0.04,0.13
138327,1,208,-0.03,-0.04,0.13
138347,1,199,-0.14,0.01,0.99
138369,1,210,-0.14,0.01,0.99
138389,1,210,-0.14,0.01,0.99
138409,1,190,-0.14,0.01,0.99
138430,1,205,-0.14,0.01,0.99
138450,1,210,-0.14,0.00,0.99
138470,1,205,-0.14,0.00,0.99
138490,1,181,-0.14,0.00,0.99
138510,1,187,-0.14,0.00,0.99
138530,1,190,-0.14,0.00,0.99
138550,1,190,-0.14,0.01,0.99
138570,1,195,-0.14,0.01,0.99
138590,1,198,-0.14,0.01,0.99
138610,1,181,-0.14,0.01,0.99
138630,1,198,-0.14,0.01,0.99
138650,1,194,-0.14,0.01,0.99
138671,1,187,-0.14,0.01,0.99
138691,1,207,-0.14,0.01,0.99
138713,1,218,-0.14,0.01,0.99
138733,1,227,-0.14,0.01,0.99
138754,1,228,-0.14,0.01,0.99
138774,1,216,-0.14,0.01,0.99
138789,1,220,-0.14,0.01,0.99
138809,1,214,-0.14,0.00,0.99
138829,1,205,-0.14,0.00,0.99
138849,1,204,-0.14,0.00,0.99
138869,1,215,-0.14,0.01,0.99
138889,1,208,-0.14,0.01,0.99
138909,1,228,-0.14,0.00,0.99
138929,1,230,-0.14,0.00,0.99
138949,1,232,-0.13,0.00,0.99
138970,1,227,-0.13,0.01,0.99
138990,1,227,-0.14,0.01,0.99
139011,1,237,-0.14,0.01,0.99
139031,1,236,-0.14,0.01,0.99
139053,1,217,-0.13,0.00,0.99
139073,1,195,-0.13,0.00,0.99
139094,1,174,-0.13,0.00,0.99
139114,1,168,-0.13,0.00,0.99
139134,1,155,-0.13,0.00,0.99
139155,1,158,-0.13,0.00,0.99
139175,1,159,-0.13,0.00,0.99
139195,1,179,-0.14,0.00,0.99
139215,1,190,-0.14,0.00,0.99
139235,1,216,-0.14,0.00,0.99
139255,1,216,-0.14,0.00,0.99
139270,1,221,-0.14,0.00,0.99
139290,1,237,-0.15,0.01,0.99
139311,1,238,-0.15,0.01,0.99
139331,1,232,-0.14,0.01,0.99
139352,1,247,-0.14,0.01,0.99
139372,1,269,-0.14,0.01,0.99
139394,1,261,-0.15,0.00,0.99
139414,1,256,-0.15,0.00,0.99
139435,1,248,-0.15,0.00,0.99
139455,1,251,-0.15,0.00,0.99
139475,1,260,-0.15,0.00,0.99
139495,1,255,-0.15,0.00,0.99
139515,1,262,-0.15,0.00,0.99
139535,1,262,-0.15,0.00,0.99
139555,1,247,-0.15,0.01,0.99
139575,1,257,-0.15,0.01,0.99
139595,1,255,-0.15,0.01,0.99
139615,1,270,-0.15,0.01,0.99
139635,1,279,-0.15,0.01,0.99
139655,1,281,-0.15,0.01,0.99
139675,1,275,-0.15,0.01,0.99
139696,1,276,-0.15,0.01,0.99
139716,1,280,-0.15,0.01,0.99
139739,1,277,-0.15,0.01,0.99
139754,1,274,-0.15,0.01,0.99
139774,1,279,-0.15,0.01,0.99
139795,1,259,-0.15,0.01,0.99
139815,1,286,-0.15,0.01,0.99
139835,1,276,-0.15,0.01,0.99
139855,1,266,-0.15,0.01,0.99
139875,1,284,-0.15,0.01,0.99
139895,1,291,-0.15,0.01,0.99
139915,1,292,-0.15,0.02,0.99
139935,1,292,-0.15,0.02,0.99
139955,1,290,-0.14,0.01,0.99
139975,1,296,-0.14,0.01,0.99
139996,1,296,-0.14,0.01,0.99
140016,1,300,-0.14,0.01,0.99
140037,1,304,-0.14,0.01,0.99
140057,1,312,-0.14,0.01,0.99
140079,1,307,-0.14,0.01,0.99
140099,1,307,-0.14,0.01,0.99
140120,1,304,-0.14,0.01,0.99
140140,1,323,-0.14,0.01,0.99
140161,1,342,-0.14,0.01,0.99
140181,1,338,-0.14,0.01,0.99
140201,1,339,-0.13,0.01,0.99
140222,1,317,-0.13,0.01,0.99
140237,1,298,-0.13,0.01,0.99
140257,1,268,-0.15,0.02,0.99
140277,1,264,-0.15,0.02,0.99
140297,1,270,-0.15,0.02,0.99
140317,1,282,-0.15,0.02,0.99
140337,1,271,-0.15,0.02,0.99
140357,1,266,-0.15,0.02,0.99
140378,1,271,-0.15,0.02,0.99
140398,1,279,-0.15,0.02,0.99
140421,1,266,-0.15,0.02,0.99
140441,1,270,-0.14,0.02,0.99
140462,1,262,-0.14,0.02,0.99
140482,1,267,-0.15,0.02,0.99
140503,1,257,-0.15,0.02,0.99
140523,1,260,-0.15,0.02,0.99
140544,1,259,-0.15,0.02,0.99
140564,1,251,-0.15,0.02,0.99
140584,1,234,-0.15,0.02,0.99
140604,1,236,-0.15,0.02,0.99
140624,1,231,-0.15,0.02,0.99
140644,1,248,-0.15,0.02,0.99
140664,1,238,-0.15,0.02,0.99
140684,1,232,-0.15,0.02,0.99
140704,1,217,-0.79,-3.89,2.02
140719,1,217,-0.79,-3.89,2.02
140739,1,202,-0.15,0.02,0.99
140762,1,211,-0.15,0.02,0.99
140782,1,216,-0.15,0.02,0.99
140803,1,216,-0.15,0.02,0.99
140823,1,222,-0.15,0.02,0.99
140844,1,230,-0.15,0.02,0.99
140864,1,233,-0.15,0.02,0.99
140884,1,239,-0.15,0.02,0.99
140905,1,220,-0.15,0.02,0.99
140925,1,236,-0.15,0.02,0.99
140945,1,227,-0.15,0.02,0.99
140965,1,230,-0.15,0.02,0.99
140985,1,207,-0.15,0.02,0.99
141005,1,244,-0.15,0.02,0.99
141025,1,196,-0.15,0.02,0.99
141045,1,210,-0.15,0.02,0.99
141065,1,207,-0.15,0.02,0.99
141085,1,193,-0.15,0.02,0.99
141106,1,208,-0.15,0.02,0.99
141126,1,214,-0.15,0.02,0.99
141147,1,206,-0.15,0.02,0.99
141167,1,212,-0.15,0.02,0.99
141182,1,232,-0.15,0.02,0.99
141203,1,227,-0.14,0.01,0.99
141223,1,220,-0.14,0.01,0.99
141243,1,238,-0.14,0.01,0.99
141263,1,236,-0.14,0.01,0.99
141283,1,217,-0.14,0.01,0.99
141303,1,216,-0.14,0.01,0.99
141323,1,212,-0.14,0.01,0.99
141343,1,228,-0.14,0.01,0.99
141363,1,238,-0.14,0.01,0.99
141383,1,241,-0.14,0.01,0.99
141404,1,248,-0.14,0.01,0.99
141424,1,258,-0.14,0.01,0.99
141446,1,256,-0.14,0.01,0.99
141466,1,261,-0.14,0.01,0.99
141487,1,265,-0.14,0.01,0.99
141507,1,271,-0.14,0.01,0.99
141528,1,278,-0.14,0.01,0.99
141548,1,267,-0.14,0.01,0.99
141569,1,262,-0.14,0.01,0.99
141589,1,258,-0.14,0.01,0.99
141609,1,255,-0.14,0.01,0.99
141630,1,254,-0.14,0.01,0.99
141650,1,248,-0.14,0.01,0.99
141665,1,215,-0.14,0.01,0.99
141685,1,229,-0.15,0.01,0.99
141705,1,215,-0.15,0.01,0.99
141725,1,216,-0.15,0.01,0.99
141745,1,203,-0.15,0.01,0.99
141765,1,196,-0.15,0.01,0.99
141788,1,190,-0.15,0.01,0.99
141808,1,186,-0.15,0.01,0.99
141829,1,184,-0.15,0.01,0.99
141849,1,190,-0.15,0.01,0.99
141870,1,184,-0.15,0.01,0.99
141890,1,197,-0.15,0.01,0.99
141911,1,197,-0.15,0.01,0.99
141931,1,202,-0.14,0.01,0.99
141952,1,195,-0.14,0.01,0.99
141972,1,193,-0.14,0.01,0.99
141992,1,180,-0.14,0.01,0.99
142012,1,185,-0.14,0.01,0.99
142032,1,173,-0.14,0.01,0.99
142052,1,164,-0.14,0.01,0.99
142072,1,154,-0.14,0.01,0.99
142092,1,153,-0.14,0.01,0.99
142112,1,161,-0.14,0.01,0.99
142133,1,151,-0.14,0.01,0.99
142148,1,146,-0.14,0.01,0.99
142169,1,166,-0.14,0.02,0.99
142189,1,160,-0.14,0.02,0.99
142210,1,164,-0.14,0.02,0.99
142230,1,164,-0.14,0.03,0.99
142251,1,151,-0.14,0.02,0.99
142271,1,171,-0.14,0.02,0.99
142291,1,172,-0.14,0.02,0.99
142311,1,150,-0.15,0.02,0.99
142331,1,169,-0.15,0.02,0.99
142351,1,167,-0.15,0.02,0.99
142371,1,175,-0.15,0.02,0.99
142391,1,152,-0.15,0.03,0.99
142411,1,164,-0.15,0.03,0.99
142431,1,170,-0.15,0.03,0.99
142451,1,172,-0.15,0.02,0.99
142472,1,169,-0.15,0.03,0.99
142492,1,166,-0.15,0.03,0.99
142513,1,171,-0.15,0.03,0.99
142533,1,164,-0.14,0.03,0.99
142554,1,159,-0.15,0.02,0.99
142574,1,130,-0.15,0.02,0.99
142595,1,102,-0.15,0.02,0.99
142615,1,144,-1.21,-2.71,1.14
142630,1,131,-1.21,-2.71,1.14
142645,1,157,-1.21,-2.71,1.14
142665,1,148,-0.16,0.02,0.99
142685,1,148,-0.16,0.02,0.99
142705,1,118,-0.16,0.02,0.99
142726,1,128,-0.16,0.02,0.99
142746,1,123,-0.16,0.02,0.99
142767,1,115,-0.17,0.02,0.99
142787,1,114,-0.17,0.02,0.99
142810,1,130,-0.17,0.02,0.99
142830,1,126,-0.16,0.02,0.99
142851,1,133,-0.16,0.02,0.99
142871,1,125,-0.17,0.02,0.99
142892,1,125,-0.16,0.02,0.99
142912,1,113,-0.16,0.02,0.99
142932,1,133,-0.16,0.02,0.99
142953,1,137,-0.16,0.02,0.99
142973,1,138,-0.16,0.02,0.99
142993,1,143,-0.16,0.02,0.99
143013,1,137,-0.16,0.01,0.99
143033,1,134,-0.16,0.01,0.99
143053,1,132,-0.16,0.01,0.99
143073,1,115,-0.16,0.01,0.99
143093,1,137,-0.16,0.01,0.99
143113,1,149,-0.16,0.02,0.99
143128,1,133,-0.16,0.02,0.99
143151,1,144,-0.16,0.01,0.99
143171,1,148,-0.16,0.01,0.99
143192,1,148,-0.16,0.01,0.99
143212,1,154,-0.16,0.01,0.99
143233,1,136,-0.16,0.01,0.99
143253,1,147,-0.16,0.01,0.99
143273,1,145,-0.16,0.01,0.99
143294,1,146,-0.15,0.01,0.99
143314,1,153,-0.15,0.01,0.99
143334,1,157,-0.16,0.01,0.99
143354,1,144,-0.16,0.01,0.99
143374,1,144,-0.16,0.01,0.99
143394,1,128,-0.16,0.01,0.99
143414,1,160,-0.16,0.01,0.99
143434,1,142,-0.16,0.01,0.99
143454,1,134,-0.16,0.01,0.99
143474,1,140,-0.16,0.01,0.99
143494,1,133,-0.16,0.01,0.99
143516,1,139,-0.16,0.01,0.99
143537,1,139,-0.16,0.01,0.99
143557,1,142,-0.16,0.01,0.99
143578,1,144,-0.16,0.01,0.99
143593,1,151,-0.16,0.01,0.99
143613,1,155,-0.15,0.00,0.99
143633,1,157,-0.15,0.01,0.99
143653,1,162,-0.16,0.00,0.99
143673,1,170,-0.15,0.00,0.99
143693,1,164,-0.15,0.01,0.99
143713,1,167,-0.15,0.01,0.99
143733,1,162,-0.16,0.01,0.99
143753,1,185,-0.15,0.01,0.99
143773,1,175,-0.15,0.01,0.99
143793,1,166,-0.15,0.01,0.99
143813,1,157,-0.15,0.01,0.99
143834,1,153,-0.15,0.00,0.99
143855,1,142,-0.14,0.00,0.99
143876,1,133,-0.14,0.00,0.99
143896,1,159,-0.14,0.00,0.99
143917,1,138,-0.14,0.00,0.99
143937,1,146,-0.14,0.00,0.99
143958,1,165,-0.14,0.00,0.99
143978,1,152,-0.14,0.00,0.99
143998,1,110,-0.14,-0.00,0.99
144019,1,127,-0.14,0.00,0.99
144039,1,156,-0.14,0.00,0.99
144059,1,168,-0.14,0.00,0.99
144074,1,166,-0.14,0.00,0.99
144094,1,168,-0.15,0.00,0.99
144114,1,168,-0.15,0.00,0.99
144134,1,190,-0.15,0.00,0.99
144154,1,175,-0.15,-0.00,0.99
144175,1,175,-0.15,-0.00,0.99
144197,1,179,-0.15,-0.00,0.99
144218,1,179,-0.14,-0.00,0.99
144238,1,176,-0.14,0.00,0.99
144259,1,189,-0.14,0.00,0.99
144279,1,186,-0.15,0.00,0.99
144300,1,199,-0.14,0.00,0.99
144320,1,200,-0.14,0.00,0.99
144340,1,184,-0.14,0.00,0.99
144361,1,196,-0.14,0.00,0.99
144381,1,198,-0.14,0.00,0.99
144401,1,186,-0.14,0.00,0.99
144421,1,190,-0.14,-0.00,0.99
144441,1,186,-0.14,-0.00,0.99
144461,1,173,-0.14,-0.00,0.99
144481,1,184,-0.14,-0.00,0.99
144501,1,188,-0.14,-0.00,0.99
144523,1,183,-0.14,-0.00,0.99
144543,1,186,-0.14,-0.00,0.99
144558,1,165,-0.14,-0.00,0.99
144578,1,182,-0.15,0.01,0.99
144599,1,153,-0.15,0.00,0.99
144619,1,160,-0.14,0.01,0.99
144640,1,153,-0.14,0.01,0.99
144660,1,163,-0.14,0.01,0.99
144680,1,152,-0.14,0.01,0.99
144700,1,153,-0.15,0.01,0.99
144720,1,147,-0.14,0.00,0.99
144740,1,152,-0.14,0.00,0.99
144760,1,155,-0.14,0.01,0.99
144780,1,155,-0.14,0.00,0.99
144800,1,130,-0.14,0.00,0.99
144820,1,137,-0.14,0.00,0.99
144840,1,146,-0.14,0.00,0.99
144862,1,108,-0.14,0.00,0.99
144882,1,126,-0.14,0.00,0.99
144902,1,130,-0.14,0.01,0.99
144922,1,118,-0.14,0.01,0.99
144943,1,125,-0.14,0.00,0.99
144963,1,127,-0.14,0.01,0.99
144984,1,137,-0.14,0.01,0.99
145004,1,131,-0.14,0.00,0.99
145025,1,143,-0.13,0.01,0.99
145040,1,147,-0.13,0.01,0.99
145060,1,137,-0.13,0.01,0.99
145080,1,109,-0.13,0.01,0.99
145100,1,113,-0.13,0.01,0.99
145120,1,127,-0.13,0.01,0.99
145140,1,111,-0.13,0.01,0.99
145160,1,123,-0.13,0.01,0.99
145180,1,99,-0.13,0.01,0.99
145202,1,58,-0.13,0.01,0.99
145222,1,62,-0.13,0.01,0.99
145243,1,43,-0.13,0.01,0.99
145263,1,37,-0.13,0.01,0.99
145284,1,35,-0.13,0.00,0.99
145304,1,15,-0.13,0.00,0.99
145325,1,5,-0.13,0.00,0.99
145345,1,5,-0.13,0.01,0.99
145366,1,5,-0.13,0.01,0.99
145386,1,5,-0.13,0.01,0.99
145406,1,5,-0.13,0.01,0.99
145427,1,5,-0.13,0.01,0.99
145447,1,5,-0.13,0.01,0.99
145467,1,5,-0.13,0.01,0.99
145487,1,4,-0.13,0.01,0.99
145507,1,4,3.71,-3.63,-2.10
145522,1,5,3.71,-3.63,-2.10
145537,1,5,3.71,-3.63,-2.10
145559,1,4,-0.13,0.00,0.99
145580,1,4,-0.13,0.00,0.99
145600,1,4,-0.13,0.00,0.99
145620,1,5,-0.13,0.00,0.99
145641,1,4,-0.13,0.00,0.99
145661,1,5,-0.13,0.00,0.99
145681,1,5,-0.13,0.00,0.99
145701,1,7,-0.13,0.01,0.99
145721,1,46,-0.13,0.01,0.99
145741,1,102,-0.13,0.01,0.99
145761,1,161,-0.13,0.01,0.99
145781,1,193,-0.13,0.01,0.99
145801,1,197,-0.13,0.01,0.99
145821,1,227,-0.13,0.01,0.99
145841,1,221,-0.13,0.01,0.99
145861,1,224,-0.13,0.00,0.99
145882,1,220,-0.13,0.00,0.99
145902,1,204,-0.13,0.00,0.99
145925,1,209,-0.13,0.00,0.99
145945,1,194,-0.13,0.01,0.99
145966,1,188,-0.13,0.01,0.99
145986,1,165,-0.13,0.01,0.99
146007,1,153,-0.14,0.14,0.19
146022,1,140,-0.14,0.14,0.19
146037,1,143,-0.14,0.14,0.19
146057,1,138,-0.13,0.01,0.99
146077,1,132,-0.13,0.01,0.99
146097,1,115,-0.13,0.01,0.99
146117,1,114,-0.13,0.01,0.99
146138,1,116,-0.13,0.01,0.99
146158,1,99,-0.13,0.01,0.99
146179,1,100,-0.13,0.01,0.99
146199,1,92,-0.13,0.01,0.99
146220,1,77,-0.13,0.01,0.99
146240,1,90,-0.13,0.01,0.99
146262,1,90,-0.13,0.01,0.99
146282,1,83,-0.13,0.01,0.99
146302,1,93,-0.12,0.01,0.99
146323,1,106,-0.12,0.01,0.99
146343,1,99,-0.12,0.01,0.99
146363,1,60,-0.12,0.01,0.99
146383,1,43,-0.12,0.01,0.99
146403,1,38,-0.12,0.01,0.99
146423,1,47,-0.12,0.01,0.99
146443,1,10,-0.12,0.01,0.99
146463,1,50,-0.12,0.01,0.99
146483,1,5,-0.12,0.01,0.99
146503,1,5,-0.12,0.01,0.99
146519,1,12,-0.12,0.01,0.99
146539,1,4,-0.14,0.02,0.99
146560,1,5,-0.14,0.02,0.99
146580,1,24,-0.14,0.02,0.99
146600,1,5,-0.14,0.02,0.99
146622,1,26,-0.14,0.02,0.99
146642,1,37,-0.15,0.02,0.99
146662,1,16,-0.15,0.02,0.99
146682,1,20,-0.14,0.02,0.99
146702,1,27,-0.14,0.02,0.99
146722,1,6,-0.14,0.02,0.99
146742,1,5,-0.14,0.02,0.99
146762,1,16,-0.15,0.02,0.99
146782,1,6,-0.14,0.02,0.99
146802,1,5,-0.14,0.02,0.99
146822,1,5,-0.14,0.02,0.99
146842,1,33,-0.14,0.02,0.99
146863,1,34,-0.14,0.02,0.99
146883,1,5,-0.14,0.02,0.99
146904,1,12,-0.14,0.02,0.99
146924,1,30,-0.14,0.02,0.99
146945,1,46,-0.14,0.02,0.99
146965,1,30,-0.14,0.02,0.99
146987,1,53,-0.03,-0.04,0.10
147002,1,75,-0.03,-0.04,0.10
147017,1,64,-0.03,-0.04,0.10
147037,1,70,-0.14,0.02,0.99
147057,1,77,-0.14,0.02,0.99
147078,1,98,-0.14,0.02,0.99
147098,1,124,-0.14,0.02,0.99
147119,1,92,-0.14,0.02,0.99
147139,1,90,-0.13,0.02,0.99
147160,1,85,-0.13,0.01,0.99
147180,1,96,-0.13,0.01,0.99
147201,1,89,-0.13,0.01,0.99
147221,1,53,-0.14,0.01,0.99
147241,1,54,-0.13,0.01,0.99
147262,1,58,-0.13,0.01,0.99
147282,1,27,-0.13,0.01,0.99
147302,1,29,-0.13,0.01,0.99
147323,1,22,-0.13,0.01,0.99
147343,1,20,-0.13,0.01,0.99
147363,1,12,-0.13,0.01,0.99
147383,1,4,-0.13,0.01,0.99
147403,1,4,-0.13,0.01,0.99
147423,1,4,-0.13,0.01,0.99
147443,1,9,-0.13,0.01,0.99
147463,1,6,-0.14,0.01,0.99
147483,1,4,-0.14,0.02,0.99
147499,1,5,-0.14,0.02,0.99
147519,1,4,-0.14,0.01,0.99
147539,1,4,-0.14,0.01,0.99
147559,1,4,-0.15,0.01,0.99
147579,1,4,-0.15,0.01,0.99
147599,1,4,-0.15,0.01,0.99
147619,1,4,-0.15,0.01,0.99
147639,1,4,-0.15,0.02,0.99
147659,1,4,-0.15,0.02,0.99
147679,1,14,-0.14,0.02,0.99
147700,1,5,-0.15,0.02,0.99
147720,1,27,-0.15,0.02,0.99
147740,1,8,-0.15,0.02,0.99
147761,1,4,-0.15,0.02,0.99
147781,1,46,-0.15,0.02,0.99
147802,1,4,-0.15,0.02,0.99
147822,1,4,-0.15,0.02,0.99
147843,1,33,-0.15,0.02,0.99
147863,1,6,-0.15,0.02,0.99
147884,1,4,-0.16,0.02,0.99
147904,1,4,-0.16,0.02,0.99
147924,1,13,-0.14,0.02,0.99
147945,1,4,-0.14,0.02,0.99
147965,1,4,-0.16,0.02,0.99
147980,1,4,-0.16,0.02,0.99
148000,1,7,-0.15,0.02,0.99
148020,1,4,-0.15,0.02,0.99
148040,1,4,-0.15,0.02,0.99
148061,1,4,-0.15,0.02,0.99
148081,1,4,-0.15,0.02,0.99
148102,1,4,-0.14,0.02,0.99
148122,1,4,-0.15,0.02,0.99
148143,1,4,-0.14,0.02,0.99
148163,1,4,-0.14,0.02,0.99
148184,1,4,-0.14,0.02,0.99
148204,1,4,-0.14,0.02,0.99
148225,1,4,-0.14,0.02,0.99
148245,1,4,-0.14,0.01,0.99
148265,1,4,-0.14,0.01,0.99
148286,1,4,-0.14,0.01,0.99
148306,1,4,-0.14,0.01,0.99
148326,1,4,-0.14,0.01,0.99
148346,1,4,-0.14,0.01,0.99
148366,1,4,-0.15,0.01,0.99
148386,1,4,-0.15,0.02,0.99
148406,1,4,-0.15,0.02,0.99
148427,1,4,-0.15,0.02,0.99
148447,1,4,-0.15,0.02,0.99
148462,1,4,-0.15,0.02,0.99
148483,1,4,-0.15,0.01,0.99
148503,1,4,-0.15,0.01,0.99
148524,1,4,-0.15,0.01,0.99
148544,1,4,-0.15,0.01,0.99
148564,1,4,-0.15,0.01,0.99
148585,1,4,-0.15,0.01,0.99
148605,1,4,-0.15,0.01,0.99
148625,1,4,-0.15,0.01,0.99
148645,1,4,-0.15,0.02,0.99
148665,1,4,-0.15,0.02,0.99
148685,1,4,-0.15,0.01,0.99
148705,1,4,-0.15,0.01,0.99
148725,1,4,-0.15,0.01,0.99
148745,1,4,-0.15,0.01,0.99
148765,1,4,-0.15,0.01,0.99
148786,1,4,-0.15,0.00,0.99
148806,1,4,-0.15,0.00,0.99
148827,1,4,-0.15,0.01,0.99
148847,1,5,-0.15,0.01,0.99
148868,1,4,-0.15,0.01,0.99
148888,1,4,-0.15,0.01,0.99
148909,1,4,-0.14,0.01,0.99
148924,1,10,-0.14,0.01,0.99
148939,1,32,-0.14,0.01,0.99
148959,1,15,-0.16,0.01,0.99
148979,1,4,-0.17,0.00,0.99
148999,1,4,-0.16,0.00,0.99
149019,1,4,-0.16,0.01,0.99
149040,1,4,-0.16,0.00,0.99
149060,1,4,-0.17,0.00,0.99
149081,1,9,-0.16,0.01,0.99
149101,1,4,-0.16,0.01,0.99
149122,1,4,-0.16,0.01,0.99
149143,1,4,-0.16,0.01,0.99
149164,1,4,-0.16,0.01,0.99
149184,1,4,-0.16,0.01,0.99
149204,1,4,-0.16,0.01,0.99
149225,1,4,-0.16,0.01,0.99
149245,1,4,-0.16,0.01,0.99
149265,1,4,-0.16,0.01,0.99
149285,1,4,-0.16,0.01,0.99
149305,1,4,-0.15,0.01,0.99
149325,1,4,-0.15,0.01,0.99
149345,1,4,-0.15,0.01,0.99
149365,1,4,-0.15,0.01,0.99
149385,1,4,-0.16,0.01,0.99
149405,1,4,-0.15,0.01,0.99
149420,1,4,-0.15,0.01,0.99
149440,1,4,-0.15,0.01,0.99
149460,1,4,-0.15,0.01,0.99
149481,1,4,-0.15,0.01,0.99
149501,1,4,-0.15,0.02,0.99
149523,1,4,-0.15,0.02,0.99
149543,1,4,-0.15,0.02,0.99
149563,1,4,-0.15,0.02,0.99
149583,1,4,-0.15,0.02,0.99
149603,1,4,-0.15,0.02,0.99
149623,1,4,-0.15,0.01,0.99
149643,1,4,-0.15,0.01,0.99
149663,1,4,-0.15,0.02,0.99
149683,1,4,-0.15,0.02,0.99
149703,1,4,-0.15,0.02,0.99
149724,1,4,-0.14,0.02,0.99
149744,1,4,-0.14,0.02,0.99
149765,1,4,-0.14,0.02,0.99
149785,1,4,-0.14,0.02,0.99
149806,1,4,-0.14,0.02,0.99
149826,1,4,-0.14,0.02,0.99
149847,1,4,-0.14,0.02,0.99
149867,1,4,-0.14,0.02,0.99
149889,1,4,-0.94,-1.49,-3.42
149904,1,4,-0.94,-1.49,-3.42
149919,1,4,-0.94,-1.49,-3.42
149939,1,4,-0.14,0.02,0.99
149959,1,4,-0.14,0.02,0.99
149980,1,4,-0.14,0.02,0.99
150000,1,4,-0.14,0.02,0.99
150021,1,4,-0.14,0.02,0.99
150041,1,4,-0.14,0.02,0.99
150062,1,4,-0.14,0.02,0.99
150082,1,4,-0.14,0.02,0.99
150103,1,4,-0.14,0.02,0.99
150123,1,4,-0.14,0.02,0.99
150144,1,4,-0.14,0.02,0.99
150164,1,4,-0.14,0.02,0.99
150184,1,4,-0.14,0.02,0.99
150204,1,4,-0.14,0.02,0.99
150224,1,4,-0.14,0.02,0.99
150245,1,4,-0.14,0.02,0.99
150265,1,4,-0.14,0.02,0.99
150285,1,4,-0.14,0.02,0.99
150305,1,4,-0.14,0.02,0.99
150325,1,4,-0.14,0.02,0.99
150345,1,4,-0.14,0.02,0.99
150365,1,4,-0.14,0.02,0.99
150385,1,4,-0.14,0.02,0.99
150401,1,4,-0.14,0.02,0.99
150421,1,4,-0.14,0.02,0.99
150441,1,4,-0.14,0.02,0.99
150462,1,4,-0.14,0.02,0.99
150482,1,4,-0.14,0.02,0.99
150502,1,4,-0.14,0.02,0.99
150522,1,4,-0.14,0.02,0.99
150542,1,4,-0.14,0.02,0.99
150562,1,4,-0.14,0.02,0.99
150582,1,4,-0.14,0.02,0.99
150603,1,4,-0.14,0.02,0.99
150623,1,4,-0.14,0.02,0.99
150643,1,4,-0.14,0.02,0.99
150663,1,4,-0.14,0.02,0.99
150683,1,4,-0.14,0.02,0.99
150704,1,4,-0.14,0.02,0.99
150724,1,4,-0.14,0.02,0.99
150745,1,4,-0.15,0.02,0.99
150765,1,4,-0.14,0.02,0.99
150786,1,4,-0.14,0.02,0.99
150806,1,4,-0.15,0.02,0.99
150827,1,4,-0.15,0.02,0.99
150847,1,4,-0.14,0.02,0.99
150867,1,4,-0.13,0.02,0.99
150882,1,4,-0.13,0.02,0.99
150902,1,4,-0.14,0.02,0.99
150922,1,4,-0.14,0.02,0.99
150942,1,4,-0.14,0.02,0.99
150962,1,4,-0.14,0.02,0.99
150983,1,4,-0.14,0.02,0.99
151004,1,4,-0.14,0.02,0.99
151024,1,4,-0.14,0.02,0.99
151045,1,4,-0.14,0.02,0.99
151065,1,4,-0.14,0.02,0.99
151086,1,4,-0.14,0.02,0.99
151106,1,4,-0.14,0.02,0.99
151127,1,4,-0.14,0.02,0.99
151147,1,4,-0.14,0.02,0.99
151168,1,4,-0.14,0.02,0.99
151188,1,4,-0.14,0.01,0.99
151208,1,4,-0.14,0.01,0.99
151228,1,4,-0.14,0.01,0.99
151248,1,12,-0.14,0.01,0.99
151268,1,4,-0.14,0.01,0.99
151288,1,17,-0.14,0.01,0.99
151308,1,4,-0.14,0.01,0.99
151328,1,4,-0.14,0.01,0.99
151349,1,4,0.01,-0.04,0.10
151364,1,6,0.01,-0.04,0.10
151379,1,6,0.01,-0.04,0.10
151399,1,23,-0.16,0.01,0.99
151419,1,17,-0.16,0.01,0.99
151439,1,23,-0.16,0.01,0.99
151459,1,27,-0.16,0.01,0.99
151479,1,19,-0.16,0.01,0.99
151499,1,14,-0.16,0.01,0.99
151519,1,16,-0.16,0.01,0.99
151539,1,4,-0.15,0.01,0.99
151559,1,28,-0.16,0.00,0.99
151579,1,4,-0.16,0.00,0.99
151600,1,4,-0.16,0.00,0.99
151620,1,11,-0.16,0.00,0.99
151641,1,4,-0.16,0.00,0.99
151661,1,4,-0.16,0.00,0.99
151682,1,4,-0.16,0.00,0.99
151703,1,4,-0.16,0.00,0.99
151724,1,4,-0.16,0.00,0.99
151744,1,4,-0.16,0.00,0.99
151764,1,4,-0.16,0.00,0.99
151785,1,4,-0.16,-0.00,0.99
151805,1,4,-0.16,-0.00,0.99
151825,1,4,-0.15,0.00,0.99
151845,1,4,-0.15,0.00,0.99
151860,1,4,-0.15,0.00,0.99
151880,1,4,-0.15,0.01,0.99
151900,1,4,-0.15,0.01,0.99
151920,1,4,-0.15,0.01,0.99
151941,1,4,-0.15,0.01,0.99
151961,1,4,-0.15,0.01,0.99
151982,1,4,-0.15,0.01,0.99
152002,1,4,-0.15,0.01,0.99
152023,1,4,-0.15,0.01,0.99
152043,1,4,-0.15,0.01,0.99
152065,1,4,-0.15,0.01,0.99
152085,1,4,-0.15,0.01,0.99
152105,1,4,-0.15,0.01,0.99
152126,1,4,-0.15,0.01,0.99
152146,1,4,-0.15,0.01,0.99
152166,1,4,-0.15,0.01,0.99
152186,1,4,-0.15,0.01,0.99
152206,1,4,-0.15,0.01,0.99
152226,1,4,-0.15,0.01,0.99
152246,1,4,-0.15,0.01,0.99
152266,1,4,-0.15,0.01,0.99
152286,1,4,-0.15,0.01,0.99
152306,1,4,-0.16,0.01,0.99
152326,1,4,-0.16,0.01,0.99
152341,1,4,-0.16,0.01,0.99
152361,1,4,-0.17,0.00,0.98
152382,1,4,-0.17,0.01,0.98
152402,1,4,-0.17,0.01,0.98
152423,0,2,-0.18,0.01,0.98
152443,0,2,-0.18,0.01,0.98
152463,0,2,-0.17,0.01,0.98
152483,0,2,-0.17,0.01,0.98
152503,0,2,-0.17,0.01,0.98
152523,0,2,-0.17,0.00,0.98
152543,0,2,-0.17,0.00,0.98
152563,0,2,-0.18,0.01,0.98
152583,0,2,-0.18,0.01,0.98
152603,0,2,-0.18,0.01,0.98
152624,0,2,-0.18,0.01,0.98
152644,0,2,-0.18,0.01,0.98
152665,0,2,-0.18,0.01,0.98
152685,0,2,-0.18,0.01,0.98
152706,0,2,-0.18,0.01,0.98
152726,0,2,-0.18,0.01,0.98
152747,0,2,-0.17,0.01,0.98
152767,0,2,-0.17,0.01,0.98
152787,0,2,-0.17,0.01,0.98
152809,0,2,-0.17,0.01,0.99
152824,0,2,-0.17,0.01,0.99
152844,0,2,-0.16,0.01,0.99
152864,0,2,-0.16,0.01,0.99
152884,0,2,-0.16,0.01,0.99
152904,0,2,-0.16,0.01,0.99
152924,0,2,-0.16,0.01,0.99
152944,0,2,-0.16,0.01,0.99
152965,0,2,-0.16,0.01,0.99
152985,0,2,-0.16,0.01,0.99
153006,0,2,-0.16,0.01,0.99
153026,0,2,-0.16,0.01,0.99
153047,0,2,-0.16,0.01,0.99
153067,0,2,-0.16,0.01,0.99
153088,0,2,-0.16,0.01,0.99
153108,0,2,-0.16,0.01,0.99
153128,0,2,-0.16,0.01,0.99
153148,0,2,-0.16,0.01,0.99
153169,0,2,-0.16,0.01,0.99
153189,0,2,-0.16,0.01,0.99
153209,0,2,-0.16,0.01,0.99
153229,0,2,-0.16,0.01,0.99
153249,0,2,-0.16,0.01,0.99
153269,0,2,-0.16,0.01,0.99
153289,0,2,-0.16,0.01,0.99
153304,0,2,-0.16,0.01,0.99
153324,0,2,-0.15,0.01,0.99
153345,0,2,-0.15,0.01,0.99
153365,0,2,-0.15,0.01,0.99
153385,0,2,-0.15,0.01,0.99
153406,0,2,-0.15,0.01,0.99
153426,0,2,-0.15,0.01,0.99
153446,0,1,-0.15,0.01,0.99
153466,0,1,-0.15,0.01,0.99
153486,0,1,-0.15,0.01,0.99
153506,0,1,-0.15,0.01,0.99
153527,0,1,-0.15,0.01,0.99
153547,0,1,-0.15,0.01,0.99
153567,0,1,-0.15,0.01,0.99
153587,0,1,-0.15,0.01,0.99
153607,0,1,-0.15,0.01,0.99
153627,0,1,-0.15,0.01,0.99
153648,0,1,-0.15,0.01,0.99
153668,0,1,-0.15,0.01,0.99
153689,0,1,-0.15,0.01,0.99
153709,0,1,-0.15,0.01,0.99
153730,0,1,-0.15,0.01,0.99
153750,0,1,-0.15,0.01,0.99
153771,0,1,2.72,4.26,-3.30
153786,0,1,2.72,4.26,-3.30
153801,0,1,2.72,4.26,-3.30
153821,0,1,-0.14,0.01,0.99
153841,0,1,-0.14,0.01,0.99
153862,0,1,-0.14,0.01,0.99
153883,0,1,-0.14,0.01,0.99
153904,0,1,-0.14,0.01,0.99
153924,0,1,-0.14,0.01,0.99
153945,0,1,-0.14,0.01,0.99
153965,0,1,-0.14,0.01,0.99
153986,0,1,-0.14,0.01,0.99
154006,0,1,-0.14,0.01,0.99
154027,0,1,-0.14,0.01,0.99
154047,0,1,-0.14,0.01,0.99
154067,0,1,-0.14,0.01,0.99
154087,0,1,-0.14,0.01,0.99
154107,0,1,-0.14,0.01,0.99
154127,0,1,-0.14,0.01,0.99
154147,0,1,-0.14,0.01,0.99
154167,0,1,-0.14,0.01,0.99
154187,0,1,-0.14,0.01,0.99
154207,0,1,-0.14,0.01,0.99
154227,0,1,-0.14,0.01,0.99
154247,0,1,-0.14,0.01,0.99
154268,0,1,-0.14,0.01,0.99
154284,0,1,-0.14,0.01,0.99
154304,0,1,-0.14,0.01,0.99
154324,0,1,-0.14,0.01,0.99
154345,0,1,-0.14,0.01,0.99
154365,0,1,-0.14,0.01,0.99
154385,0,1,-0.14,0.01,0.99
154405,0,1,-0.14,0.01,0.99
154425,0,1,-0.14,0.01,0.99
154445,0,1,-0.14,0.01,0.99
154465,0,1,-0.14,0.01,0.99
154485,0,1,-0.14,0.01,0.99
154505,0,1,-0.14,0.01,0.99
154525,0,1,-0.14,0.01,0.99
154545,0,1,-0.14,0.01,0.99
154565,0,1,-0.14,0.01,0.99
154586,0,1,-0.14,0.01,0.99
154606,0,1,-0.14,0.01,0.99
154628,0,1,-0.14,0.01,0.99
154648,0,1,-0.14,0.01,0.99
154669,0,1,-0.14,0.01,0.99
154689,0,1,-0.14,0.01,0.99
154710,0,1,-0.14,0.01,0.99
154730,0,1,-0.14,0.01,0.99
154750,0,1,-0.11,-0.69,0.83
154766,0,1,-0.11,-0.69,0.83
154781,0,1,-0.11,-0.69,0.83
154801,0,1,-0.14,0.01,0.99
154821,0,1,-0.14,0.01,0.99
154842,0,1,-0.14,0.01,0.99
154862,0,1,-0.14,0.01,0.99
154883,0,1,-0.13,0.01,0.99
154903,0,1,-0.13,0.01,0.99
154924,0,1,-0.13,0.01,0.99
154944,0,1,-0.13,0.01,0.99
154964,0,1,-0.13,0.01,0.99
154986,0,1,-0.13,0.01,0.99
155006,0,1,-0.13,0.01,0.99
155027,0,1,-0.13,0.01,0.99
155047,0,1,-0.13,0.01,0.99
155067,0,1,-0.13,0.01,0.99
155087,0,1,-0.13,0.01,0.99
155107,0,1,-0.13,0.01,0.99
155127,0,1,-0.13,0.01,0.99
155147,0,1,-0.13,0.01,0.99
155167,0,1,-0.13,0.01,0.99
155187,0,1,-0.13,0.01,0.99
155207,0,1,-0.13,0.01,0.99
155228,0,1,-0.13,0.01,0.99
155248,0,1,-0.13,0.01,0.99
155264,0,1,-0.13,0.01,0.99
155284,0,1,-0.13,0.01,0.99
155304,0,1,-0.13,0.01,0.99
155324,0,1,-0.13,0.01,0.99
155344,0,1,-0.13,0.01,0.99
155365,0,1,-0.13,0.01,0.99
155385,0,1,-0.13,0.01,0.99
155405,0,1,-0.13,0.01,0.99
155425,0,1,-0.13,0.01,0.99
155445,0,1,-0.13,0.01,0.99
155465,0,1,-0.13,0.01,0.99
155485,0,1,-0.13,0.01,0.99
155505,0,1,-0.13,0.01,0.99
155526,0,1,-0.13,0.01,0.99
155546,0,1,-0.13,0.01,0.99
155567,0,1,-0.13,0.01,0.99
155587,0,1,-0.13,0.01,0.99
155608,0,1,-0.13,0.01,0.99
155628,0,1,-0.13,0.01,0.99
155649,0,1,-0.13,0.01,0.99
155669,0,1,-0.13,0.01,0.99
155689,0,1,-0.13,0.01,0.99
155710,0,1,-0.13,0.01,0.99
155731,0,1,1.40,-0.18,-3.36
155746,0,1,1.40,-0.18,-3.36
155766,0,1,-0.13,0.01,0.99
155786,0,1,-0.13,0.01,0.99
155806,0,1,-0.13,0.01,0.99
