is_walking,fsr_med,x_mean,y_mean,z_mean,x_var,y_var,z_var,x_energy,y_energy,z_energy
0.0,0.9952380952380953,0.4330848420305275,0.4743005855562773,0.6398158803222085,1.7552469742418632e-05,0.00015422948898560475,0.0016502151744487207,1.7585112503925618e-05,0.0001542673718717435,0.0016473797531867866
1.0,1.0000000000000002,0.589101881434148,0.5188679245283008,0.691599539700805,0.0940629089891882,0.00948728829143284,0.010910474182241817,0.09415812916380582,0.009490022119144775,0.010904916756568427
1.0,0.880952380952381,0.5763223287184929,0.5216330513988279,0.6700230149597237,0.09452407387797034,0.009293736251357411,0.009505239404824657,0.09462054692118027,0.009301070521023917,0.009488907378355895
1.0,0.3476190476190476,0.4155129570465018,0.47739102147039575,0.6182393555811267,4.069322579326069e-06,4.585798488122079e-19,0.0,4.07473682592036e-06,0.0,0.0
1.0,0.028571428571428574,0.41338303159389267,0.4773910214703957,0.6182393555811267,3.349221256569152e-06,4.585798488122079e-19,0.0,3.3602006035623903e-06,0.0,0.0
1.0,0.028571428571428574,0.4149804756833495,0.47739102147039575,0.6182393555811267,3.990561497149495e-06,4.585798488122079e-19,0.0,4.001402845204675e-06,0.0,0.0
1.0,0.028571428571428574,0.41107561235356616,0.47739102147039575,0.6182393555811267,1.935272304929319e-05,4.585798488122079e-19,0.0,1.9405299512458622e-05,0.0,0.0
1.0,0.028571428571428574,0.4093006744763919,0.47739102147039575,0.6182393555811267,1.7702490851308995e-05,4.585798488122079e-19,0.0,1.775058405015596e-05,0.0,0.0
1.0,0.028571428571428574,0.408413205537805,0.47739102147039575,0.6182393555811267,1.622103240084593e-05,4.585798488122079e-19,0.0,1.6266981209523225e-05,0.0,0.0
1.0,0.028571428571428574,0.3722044728434496,0.547007156798958,0.8233601841196796,0.007856504209245595,0.037075614258727116,0.23057492362509277,0.007877842706911263,0.03716883593119541,0.2305749190884189
1.0,0.028571428571428574,0.3682996095136667,0.547007156798958,0.8184695051783719,0.007844097463538932,0.037075614258727116,0.23080768222231685,0.007865402255208315,0.037168835931195424,0.230807682222317
1.0,0.028571428571428574,0.39829605963791254,0.47527651268705157,0.6101841196777968,4.233595693394062e-05,4.671618201952903e-06,1.8291869645059464e-05,4.245097304198305e-05,4.681293908145487e-06,1.829186964502344e-05
1.0,0.028571428571428574,0.400780972665956,0.46698113207547054,0.6113348676639871,3.474488882321285e-05,9.516718246949199e-06,1.654978682172353e-05,3.4839281915390795e-05,9.54064676193472e-06,1.654978682168788e-05
1.0,0.028571428571428574,0.5537806176783799,0.24349381912817042,0.32220943613348885,0.08131504153456309,0.2390933204434671,0.3050646430680983,0.08139581461949646,0.23928264241396718,0.30454328395314895
1.0,0.028571428571428574,0.5647852325168606,0.25276512687052566,0.40678941311852723,0.08094676971641658,0.24015727219529165,0.33432815033448904,0.08102448142688787,0.24031343186165754,0.33346969819322436
1.0,0.20476190476190478,0.4799432019879292,0.4982108002602462,0.6366513233601836,0.037832203227445585,0.009909183742153984,0.06884406453328061,0.03773880973424805,0.009896922007639294,0.06839105041242906
1.0,0.0380952380952381,0.8081292154774566,0.6413467794404676,0.5750863060989646,0.2646731999234368,0.0750174150987294,0.21233539812490185,0.26538406123573915,0.0752008602218146,0.2116382746484305
1.0,0.08571428571428572,0.6443024494142693,0.5717306441119052,0.7658227848101262,0.16194073607369527,0.04918375471081676,0.07720630706568829,0.16210197392004083,0.04922293792440299,0.07707365018069574
1.0,0.26666666666666666,0.44018459353922545,0.47527651268705146,0.6182393555811267,1.6952385306709623e-05,4.671618201919843e-06,4.331579158055158e-17,1.6998440658200127e-05,4.6812939081454854e-06,0.0
1.0,0.4380952380952381,0.4426695065672697,0.47478854912166435,0.6182393555811267,4.158585138934611e-05,5.551418977354079e-06,4.331579158055158e-17,4.169882965002727e-05,5.557095466369964e-06,0.0
1.0,0.49047619047619045,0.4440894568690095,0.47641509433962137,0.6182393555811267,6.82896087749085e-05,3.155717335326499e-06,4.331579158055158e-17,6.84751344036523e-05,3.1553701530357024e-06,0.0
1.0,0.0380952380952381,0.4430244941427046,0.47755367599219134,0.6182393555811267,4.6056480434794216e-05,4.089214871399095e-07,4.331579158055158e-17,4.6181604266083585e-05,4.078792126955599e-07,0.0
1.0,0.0380952380952381,0.4407170749023778,0.47739102147039564,0.6182393555811267,2.8837807659918595e-05,0.0,4.331579158055158e-17,2.891051162829946e-05,0.0,0.0
1.0,0.0380952380952381,0.4479943201987924,0.47739102147039564,0.6182393555811267,0.0003620309400160969,0.0,4.331579158055158e-17,0.0003614349855704204,0.0,0.0
1.0,0.0380952380952381,0.5642527511537088,0.3734547820429394,0.7476985040276172,0.04794822036428174,0.054532691463731714,0.059407746280154126,0.04801890817785896,0.054575872245969534,0.05930567111472434
1.0,0.0380952380952381,0.47497337593184186,0.24999999999999845,0.9237629459148442,0.07157732137647607,0.12746370239398003,0.16429071370048323,0.071540118725872,0.12778088009832764,0.16427748475904366
1.0,0.0380952380952381,0.3670571529996442,0.35377358490565897,0.7943037974683542,0.022340633466757905,0.07693176245359234,0.10988056751977306,0.022362877758307014,0.07699161974268229,0.10969176929379411
1.0,0.0380952380952381,0.3216187433439823,0.35458685751463753,0.20109321058688145,0.09018716989847471,0.10773583873497963,1.0,0.0904321706305278,0.10800672401925986,1.0
1.0,0.0380952380952381,0.3187788427405044,0.3464541314248524,0.20109321058688145,0.0901142296353238,0.10743431076969001,1.0,0.09035903220709403,0.10770443790223677,1.0
1.0,0.0380952380952381,0.43219737309194267,0.4612882238126211,0.6182393555811267,2.10967184402058e-05,4.0892148713903726e-07,4.331579158055158e-17,2.114839182331604e-05,4.0787921269556e-07,0.0
1.0,0.0380952380952381,0.42971246006389874,0.4612882238126211,0.6182393555811267,1.952149679667657e-05,4.0892148713903726e-07,4.331579158055158e-17,1.957641213412851e-05,4.078792126955601e-07,0.0
1.0,0.0380952380952381,0.4245651402200934,0.46291476903057815,0.6182393555811267,1.5332157330433148e-05,4.0437791509040934e-06,4.331579158055158e-17,1.5373810931575718e-05,4.051876239823405e-06,0.0
1.0,0.0380952380952381,0.4259850905218328,0.46502927781392234,0.6182393555811267,1.5152131999743115e-05,7.534068612132966e-06,4.331579158055158e-17,1.5193296517506324e-05,7.5447302084396985e-06,0.0
1.0,0.0380952380952381,0.4220802271920494,0.4702342225113849,0.6182393555811267,1.7492461298705006e-05,1.017760145850699e-05,4.331579158055158e-17,1.7539983900408313e-05,1.0194909864532676e-05,0.0
1.0,0.0380952380952381,0.4976925807596745,0.3027000650618076,0.32393555811277297,0.023040871994695122,0.14359721639956569,0.30702187312011586,0.023062837441728882,0.1437075322685668,0.30649434412850035
1.0,0.0380952380952381,0.49716009939652217,0.3040013012361732,0.32393555811277297,0.023061713677250115,0.14366462648714826,0.30702187312011586,0.023084286690908982,0.1437779856383618,0.3064943441285004
1.0,0.10476190476190478,0.42030528931487515,0.47739102147039586,0.6182393555811267,3.324467773400151e-05,0.0,2.7198287736625408e-17,3.333499513147923e-05,0.0,0.0
1.0,0.0380952380952381,0.42616258430955023,0.47739102147039586,0.6182393555811267,2.2221876757007852e-05,0.0,2.7198287736625408e-17,2.228412834516924e-05,0.0,0.0
1.0,0.0380952380952381,0.4258075967341154,0.47739102147039586,0.6182393555811267,2.307699707778169e-05,0.0,2.7198287736625408e-17,2.3141571811998787e-05,0.0,0.0
1.0,0.0380952380952381,0.3682996095136688,0.5206571242680537,0.6107594936708858,0.017658478408277632,0.014320694834103864,0.0003005455804175688,0.01770645391699138,0.014356702305592533,0.0003005455804175373
1.0,0.0380952380952381,0.3633297834575815,0.5206571242680537,0.6107594936708858,0.017581247541411972,0.014320694834103864,0.0003005455804175688,0.017629013233355625,0.014356702305592538,0.0003005455804175374
1.0,0.0380952380952381,0.4245651402200946,0.47739102147039586,0.6182393555811267,1.2331735152256906e-05,0.0,2.7198287736625408e-17,1.2365237363752681e-05,0.0,0.0
1.0,0.0380952380952381,0.42385516506922494,0.47739102147039586,0.6182393555811267,1.3741933575989353e-05,0.0,2.7198287736625408e-17,1.3779266940629508e-05,0.0,0.0
1.0,0.0380952380952381,0.42314518991835526,0.47690305790500875,0.6452819332566158,1.2031692934442585e-05,7.307303060183467e-05,0.003928433060013856,1.2064380006970371e-05,7.325469250955129e-05,0.003928433060013845
1.0,0.0380952380952381,0.42509762158324693,0.4838972023422241,0.6481588032220942,2.169680287581686e-05,9.41758576520342e-05,0.003955834571089237,2.1727542235121974e-05,9.441265024831234e-05,0.003955834571089229
1.0,0.0380952380952381,0.42421015264465983,0.48991541964866525,0.6211162255466052,2.73038418212411e-05,1.7228399222165276e-05,4.445940538723347e-05,2.7362976599350488e-05,1.726964727458713e-05,4.445940538720975e-05
1.0,0.0380952380952381,0.430954916577922,0.483409238776837,0.6182393555811267,1.524214466506099e-05,9.628242288839186e-06,2.5246558755524973e-17,1.5283553724541004e-05,9.650380763319822e-06,0.0
1.0,0.0380952380952381,0.45172168974086135,0.6058880936890036,0.4836018411967782,0.0027419545601438575,0.07304205170135616,0.0642554183766148,0.0027447047426986363,0.07310041064450953,0.06414501387768583
1.0,0.0380952380952381,0.5175718849840278,0.5907612231620029,0.21605293440736428,0.030548648385756914,0.04167154068035211,0.47088858019342583,0.03060677549157378,0.04174396736913297,0.470586601024018
1.0,0.0380952380952381,0.5097621583244609,0.5510735198438506,0.26093210586881366,0.029777869932411175,0.017631913858631672,0.4525444480637023,0.02980757800901728,0.017645933447148068,0.451766880283524
1.0,0.0380952380952381,0.42917997870074776,0.4936564736499663,0.6182393555811267,1.8992672387755646e-05,0.0,1.0778580695625625e-16,1.90442706843198e-05,6.2305424288028974e-37,0.0
1.0,0.0380952380952381,0.5493432729854475,0.5359466493168499,0.7373417721518982,0.08035425009520243,0.013681934688018298,0.07620164245746192,0.08057255418947282,0.013716336082566219,0.07620164245746186
1.0,0.0380952380952381,0.547923322683708,0.5359466493168499,0.7373417721518982,0.08041188820524477,0.013681934688018298,0.07620164245746192,0.08063034888771069,0.01371633608256622,0.07620164245746187
1.0,0.0380952380952381,0.4311324103656394,0.4933311646063749,0.6182393555811267,2.8102704226165185e-05,8.095819341659337e-07,1.1584455887821932e-16,2.818093253810238e-05,8.116175196784746e-07,0.0
1.0,0.0380952380952381,0.23713170039048925,0.5645738451528942,0.6130609896432682,0.14490253869283515,0.02636058257251626,9.505239404836457e-05,0.14504569343499926,0.02638151153178885,9.488907378355874e-05
1.0,0.0380952380952381,0.054668086616970646,0.44030579050097485,0.6475834292289995,0.2770202184761162,0.10231056997112563,0.004358800104162138,0.27777276735367934,0.10224640739368321,0.004349200501937612
1.0,0.0380952380952381,0.2497337593184254,0.36076772934287465,0.6527617951668576,0.14060425764782788,0.0728739849701279,0.004224550846588838,0.14074525153966239,0.07293090059870957,0.0042172921681581715
1.0,0.0380952380952381,0.4423145189918362,0.477391021470396,0.6182393555811267,1.3831946241431708e-05,0.0,1.1206701891479912e-16,1.3854481279825082e-05,0.0,0.0
1.0,0.0380952380952381,0.43840965566205287,0.477391021470396,0.6182393555811267,1.935272304923462e-05,0.0,1.1206701891479912e-16,1.940529951245856e-05,0.0,0.0
1.0,0.0380952380952381,0.43645722399716114,0.477391021470396,0.6182393555811267,1.5875983850300436e-05,0.0,1.1206701891479912e-16,1.591347381530395e-05,0.0,0.0
1.0,0.0380952380952381,0.43059992900248606,0.5442420299284313,0.7580552359033366,9.676361524558772e-05,0.02255998779084353,0.06929319526117184,9.69362403552582e-05,0.0225778515326457,0.06917413478821442
1.0,0.0380952380952381,0.4263400780972678,0.5442420299284313,0.7580552359033366,7.879108639845267e-05,0.02255998779084353,0.06929319526117184,7.885471321264178e-05,0.022577851532645698,0.06917413478821445
1.0,0.0380952380952381,0.16009939652112293,0.3879310344827577,0.6101841196777897,0.41361272789589487,0.061224633774046605,0.0003485617382358376,0.41473640927049293,0.06137857492568463,0.00034856173823572385
1.0,0.0380952380952381,0.16187433439829702,0.3879310344827577,0.6101841196777897,0.413727944107536,0.061224633774046605,0.0003485617382358376,0.4148519384954974,0.06137857492568463,0.0003485617382357239
1.0,0.0380952380952381,0.4416045438409658,0.47836694860117024,0.6182393555811267,0.0007038390345513636,7.286237407823913e-06,1.1247625241083627e-16,0.0007057511875399277,7.304557677106269e-06,0.0
1.0,0.0380952380952381,0.4408945686900962,0.4788549121665574,0.6182393555811267,0.0010539282942982685,1.0817832069777601e-05,1.1247625241083627e-16,0.0010552120503104121,1.0826397985711077e-05,0.0
1.0,0.0380952380952381,0.18228611998580124,0.6813597918022116,0.5880322209436128,0.238397167721481,0.210014987839914,0.0032344217419196203,0.23864000086932738,0.2101812846283759,0.003228864316246102
1.0,0.0380952380952381,0.17678381256656084,0.6813597918022116,0.5880322209436128,0.23807929924539975,0.210014987839914,0.0032344217419196203,0.2383160169836009,0.2101812846283759,0.003228864316246102
1.0,0.0380952380952381,0.30954916577919794,0.5383864671437858,0.5198504027617941,0.05388716226052497,0.01878095845446912,0.03431391425141715,0.05394172336964442,0.018795829836303957,0.03425495563586477
1.0,0.0380952380952381,0.3125665601703948,0.5383864671437858,0.5198504027617941,0.053961711500068905,0.01878095845446912,0.03431391425141715,0.05401564214184734,0.018795829836303957,0.03425495563586476
1.0,0.0380952380952381,0.43716719914803065,0.47251138581652485,0.6372266973532787,0.00012635152844981946,0.00012019813410864447,0.0012779266310932044,0.00012650863816847873,0.00012029331095234533,0.0012757308808678473
1.0,0.0380952380952381,0.4387646432374875,0.47251138581652485,0.6372266973532787,0.00012469754572411184,0.00012019813410864447,0.0012779266310932044,0.0001248106744611386,0.00012029331095234533,0.0012757308808678473
1.0,0.0380952380952381,0.43592474263400866,0.4790175666883531,0.722382048331415,0.00012046695045291756,2.023954835509769e-05,0.058261383195615114,0.00012079422874809482,2.0290437991961863e-05,0.05826138319561501
1.0,0.04761904761904762,0.439829605963792,0.48340923877683717,0.7491369390103562,0.00011650639317775373,0.00011536955614393586,0.06018782737773897,0.00011682291163856847,0.00011549193077853313,0.060183467634006546
1.0,0.04761904761904762,0.43308484203052966,0.4817826935588801,0.6449942462600684,4.050569940578078e-06,9.736048862800818e-05,0.0025373708522324913,4.061574316561079e-06,9.743758187139972e-05,0.0025330111085000036
1.0,0.042857142857142864,0.43397231096911676,0.477391021470396,0.6182393555811267,4.069322579191143e-06,4.1300847633649476e-17,1.3913938865264386e-16,4.082258259839859e-06,0.0,0.0
1.0,0.0380952380952381,0.20305289314874103,0.6847755367599214,0.7321634062140387,0.20123339479635677,0.2171078797336627,0.046005358719351463,0.201434033958601,0.21727979290767374,0.04592631171124253
1.0,0.04761904761904762,0.20500532481363232,0.6847755367599214,0.7321634062140387,0.20134012356376144,0.2171078797336627,0.046005358719351463,0.20153943745319122,0.2172797929076738,0.04592631171124252
1.0,0.04761904761904762,0.4339723109691164,0.477391021470396,0.6182393555811267,4.069322579199485e-06,4.4023665485971965e-17,1.4203550262459936e-16,4.082258259839857e-06,0.0,0.0
1.0,0.04761904761904762,0.435037273695421,0.477391021470396,0.6182393555811267,1.134534636122034e-05,4.4023665485971965e-17,1.4203550262459936e-16,1.1378049161810719e-05,0.0,0.0
1.0,0.04761904761904762,0.43237486687965965,0.477391021470396,0.6182393555811267,1.1401604277061843e-05,4.4023665485971965e-17,1.4203550262459936e-16,1.1432579557727525e-05,0.0,0.0
1.0,0.04761904761904762,0.43095491657792023,0.477391021470396,0.6182393555811267,3.240455952486075e-06,4.4023665485971965e-17,1.4203550262459936e-16,3.249259453248859e-06,0.0,0.0
1.0,0.04761904761904762,0.43343982960596417,0.4788549121665574,0.6182393555811267,5.580785251444339e-06,3.3828959393889194e-06,1.4203550262459936e-16,5.595946836150828e-06,3.38933132580016e-06,0.0
1.0,0.04761904761904762,0.24352147674831431,0.449739752765126,0.8823360184119666,0.14933794278191168,0.0041970214456272205,0.24723127691948943,0.1494876266648724,0.004200120664336105,0.24680648091103669
1.0,0.04761904761904762,0.4210152644657427,0.4539687703318144,0.45339470655926295,0.2692010582714055,0.004377789526078383,0.9242581494543741,0.2690397658154915,0.004378651673231094,0.9213328612167905
1.0,0.04761904761904762,0.637735179268724,0.47299934938191196,0.2422324510932099,0.11263805762869637,0.0008904203425404393,0.6722194135169296,0.11275391930780418,0.0008924086605850401,0.671098814204145
1.0,0.04761904761904762,0.45953141640042494,0.4676317501626537,0.671173762945914,0.0019336708295713163,0.000728623740782088,0.015052176287893758,0.0019389184840285926,0.000730455767710627,0.015052176287893699
1.0,0.04761904761904762,0.4478168264110748,0.4778789850357832,0.6182393555811267,0.0007699420856637447,1.2019813411298718e-06,8.26022072001216e-17,0.0007707645819821035,1.2029331095234535e-06,0.0
1.0,0.04761904761904762,0.2862974795882139,0.506180871828236,0.7002301495972376,0.10185078979269148,0.004040354949798853,0.02382910711903965,0.1019227235205488,0.0040437869805137515,0.0237881636360172
1.0,0.04761904761904762,0.7509762158324442,0.30318802862719474,0.9099539700805521,1.0,0.21284429082654788,0.17596854814636026,1.0,0.21291623897667095,0.17586917683864586
1.0,0.04761904761904762,0.91285055023074,0.28366948601171,1.0,0.8810082971237071,0.20815681142751674,0.30698739439757045,0.8818854475572935,0.2083236101416446,0.3067195083334165
1.0,0.04761904761904762,0.4369897053603114,0.48617436564736416,0.7902761795166855,1.848260061746176e-05,0.0005901852300335073,0.15898861204087725,1.8532813177789877e-05,0.0005916691718456078,0.15898861204087722
1.0,0.04761904761904762,0.43574724884628946,0.4773910214703957,0.6182393555811267,1.8546359588747757e-05,5.485761441416037e-17,7.555079926840391e-17,1.8591104290666457e-05,0.0,0.0
1.0,0.04761904761904762,0.42882499112530986,0.4773910214703957,0.6182393555811267,1.1101562059207349e-05,5.485761441416037e-17,7.555079926840391e-17,1.1131722200945222e-05,0.0,0.0
1.0,0.04761904761904762,0.420127795527156,0.4773910214703957,0.6182393555811267,1.3925709434398154e-05,5.485761441416037e-17,7.555079926840391e-17,1.3965422430138554e-05,0.0,0.0
1.0,0.04761904761904762,0.5220092296769606,0.42046193884189886,0.5267548906789412,0.06460615924039362,0.02479344673494455,0.044959129103761986,0.06478167974705762,0.024855786540153284,0.044959129103761895
1.0,0.04761904761904762,0.5212992545260909,0.42046193884189886,0.5267548906789412,0.0646240417565754,0.02479344673494455,0.044959129103761986,0.06479961084552185,0.02485578654015329,0.0449591291037619
1.0,0.04761904761904762,0.42687255946041847,0.48536109303838565,0.7071346375143834,0.0005094904384890538,9.95414032262758e-05,0.028011412457162505,0.0005099663822553636,9.962398008767641e-05,0.027963282882493792
1.0,0.04761904761904762,0.43379481718139806,0.4936564736499666,0.7071346375143834,0.0005014005501912047,8.921923356519525e-05,0.028011412457162505,0.0005017698996415259,8.931105441033338e-05,0.0279632828824938
1.0,0.04761904761904762,0.4222577209797651,0.48552374756018135,0.6182393555811267,1.4975857196751521e-05,1.0326300181200188e-05,7.756548724889467e-17,1.5010901744957066e-05,1.0352264281613202e-05,0.0
1.0,0.04761904761904762,0.42474263400780904,0.477391021470396,0.6182393555811267,1.421074954132134e-05,5.032969819699433e-17,7.756548724889467e-17,1.4251236919081744e-05,0.0,0.0
1.0,0.04761904761904762,0.4231451899183522,0.477391021470396,0.6182393555811267,1.7282431746206293e-05,5.032969819699433e-17,7.756548724889467e-17,1.7329383750660694e-05,0.0,0.0
1.0,0.04761904761904762,0.4275825346112879,0.47527651268705184,0.6331990794016105,8.07601134527558e-05,6.828162731789619e-05,0.0012021823216702221,8.098139865339666e-05,6.845124188288278e-05,0.0012021823216701497
1.0,0.04761904761904762,0.4293574724884622,0.48308392973324576,0.6331990794016105,7.543436408653328e-05,8.374629446918702e-05,0.0012021823216702221,7.564118057051079e-05,8.39547928710267e-05,0.0012021823216701497
1.0,0.04761904761904762,0.42172523961661285,0.4931685100845795,0.6182393555811267,6.750949900889285e-06,1.2019813411333843e-06,7.756548724889467e-17,6.769290527601851e-06,1.2029331095234535e-06,0.0
1.0,0.04761904761904762,0.4222577209797651,0.4936564736499666,0.6182393555811267,7.474801751368454e-06,4.7272181990662056e-17,7.756548724889467e-17,7.48946782539948e-06,6.2305424288028974e-37,0.0
1.0,0.04761904761904762,0.2678381256656012,0.3482433311646054,0.48964326812428016,0.09302033729283432,0.09949168828663489,0.05861828334069798,0.09311491380059712,0.09957011518616632,0.05851756464079977
1.0,0.04761904761904762,0.0,0.36581001951854186,0.2730149597238207,0.3602780933794768,0.10361163422770994,0.218854598690353,0.36117156991168975,0.10363280747171116,0.21880739913385816
1.0,0.04761904761904762,0.15104721334753335,0.5045543266102792,0.4016110471806673,0.2769000553184088,0.0033688976068197065,0.16634432992871076,0.2771746836123395,0.0033715523471229184,0.1660585149288332
1.0,0.04761904761904762,0.5701100461483847,0.5507482108002597,0.6671461449942462,0.13490846246384647,0.031243662749578894,0.01284876815690363,0.13527497470179797,0.031322218689661584,0.012848768156903596
1.0,0.04761904761904762,0.5699325523606673,0.5569290826284964,0.6671461449942462,0.13492097797485708,0.03111181654886595,0.01284876815690363,0.13528751857321739,0.031190040979313948,0.012848768156903596
1.0,0.04761904761904762,0.41835285764998253,0.48048145738451453,0.8504027617951668,1.835133214713514e-05,0.0008118082845214079,0.19105795238125478,1.837298270699933e-05,0.0008123401077253312,0.19072967411255856
1.0,0.04761904761904762,0.41409300674476435,0.47674040338321333,0.8504027617951668,1.046022181859545e-05,0.000803733117779748,0.19105795238125478,1.0482998525383426e-05,0.0008043543710584947,0.1907296741125586
1.0,0.04761904761904762,0.48757543485978017,0.40256994144437147,0.7407940161104709,0.020355887950658905,0.031255645388309126,0.05323990204413459,0.020375382093308952,0.031281229934464964,0.05314842454921339
1.0,0.04761904761904762,0.490415335463259,0.3991541964866617,0.7407940161104709,0.02030644099316294,0.031165348089005066,0.05323990204413459,0.020325800800911235,0.031190040979313948,0.05314842454921342
1.0,0.04761904761904762,0.41498047568335156,0.47771633051398776,0.6182393555811267,3.990561496944749e-06,8.095819342897502e-07,4.734516754153311e-17,4.00140284520467e-06,8.116175196784746e-07,0.0
1.0,0.04761904761904762,0.626730564430245,0.5697787898503575,0.5169735327963174,0.2598206021325986,0.0652976404850183,0.05508698165096833,0.2605264710031695,0.06546182266718702,0.055086981650968266
1.0,0.04761904761904762,0.6253106141285054,0.5697787898503575,0.5169735327963174,0.25989165212977733,0.0652976404850183,0.05508698165096833,0.26059771402525556,0.06546182266718703,0.05508698165096827
1.0,0.04761904761904762,0.4327298544550944,0.47885491216655773,0.6182393555811267,0.000769848322470566,1.0817832069877534e-05,4.734516754153311e-17,0.0007707664623405833,1.0826397985711079e-05,0.0
1.0,0.04761904761904762,0.43237486687965954,0.47885491216655773,0.6182393555811267,0.0007712585208942984,1.0817832069877534e-05,4.734516754153311e-17,0.0007721804919174602,1.082639798571108e-05,0.0
1.0,0.04761904761904762,0.4148029818956341,0.47739102147039636,0.6182393555811267,6.199622325665443e-06,1.0341871254482501e-16,4.734516754153311e-17,6.210824059074701e-06,0.0,0.0
1.0,0.04761904761904762,0.4142705005324818,0.47739102147039636,0.6182393555811267,1.728243174621897e-05,1.0341871254482501e-16,4.734516754153311e-17,1.7329383750660724e-05,0.0,0.0
1.0,0.04761904761904762,0.42154774582889626,0.47739102147039636,0.6182393555811267,2.874779499448047e-05,1.0341871254482501e-16,4.734516754153311e-17,2.882777585518436e-05,0.0,0.0
1.0,0.04761904761904762,0.43184238551650694,0.47739102147039636,0.6182393555811267,3.709271917785661e-06,1.0341871254482501e-16,4.734516754153311e-17,3.721229431701101e-06,0.0,0.0
1.0,0.04761904761904762,0.42669506567270166,0.47739102147039636,0.6182393555811267,7.381038558304105e-06,1.0341871254482501e-16,4.734516754153311e-17,7.386048109005549e-06,0.0,0.0
1.0,0.04761904761904762,0.4272275470358539,0.47739102147039636,0.6182393555811267,8.224907295909263e-06,1.0341871254482501e-16,4.734516754153311e-17,8.241611217355223e-06,0.0,0.0
1.0,0.04761904761904762,0.43042243521476753,0.47739102147039636,0.6182393555811267,1.712115905413076e-05,1.0341871254482501e-16,4.734516754153311e-17,1.7162031845950504e-05,0.0,0.0
1.0,0.04761904761904762,0.4329073482428115,0.47739102147039636,0.6182393555811267,2.352706040448574e-05,1.0341871254482501e-16,4.734516754153311e-17,2.359285784717224e-05,0.0,0.0
1.0,0.04761904761904762,0.441427050053248,0.4700715679895896,0.638952819332566,6.358269648282323e-05,0.0003100987944400801,0.0015208383047719876,6.363697203489685e-05,0.00031028013550136703,0.0015182251805369426
1.0,0.04761904761904762,0.47444089456869,0.3373454782042934,0.4122554660529345,0.0071477144781002975,0.13477300049536511,0.2786184194409186,0.0071669468585703585,0.13511127081572227,0.27861580631668353
1.0,0.04761904761904762,0.4400070997515086,0.47739102147039636,0.6182393555811267,1.3475646107668077e-05,1.4674555161990655e-16,4.331579158055158e-17,1.3514136394965092e-05,0.0,0.0
1.0,0.04761904761904762,0.43876464323748654,0.47739102147039636,0.6182393555811267,1.893266394418485e-05,1.4674555161990655e-16,4.331579158055158e-17,1.898409921296333e-05,0.0,0.0
1.0,0.04761904761904762,0.43787717429889944,0.47397527651268656,0.6182393555811267,1.9926553790698796e-05,6.852532800359001e-06,4.331579158055158e-17,1.997504813186504e-05,6.867692124422198e-06,0.0
1.0,0.04761904761904762,0.507987220447284,0.36971372804163893,0.6052934407364785,0.017086384161041343,0.05028476961925177,0.0005940774628015891,0.01710435749065536,0.050325039979823516,0.0005930567111472435
1.0,0.04761904761904762,0.4998225062122824,0.3734547820429401,0.6052934407364785,0.017229024231390746,0.05039886697521335,0.0005940774628015891,0.01724645242026364,0.050440266892636455,0.0005930567111472434
1.0,0.04761904761904762,0.5683351082712103,0.43884189980481386,0.0,0.20343840505508118,0.42259652802361264,0.5592240019090325,0.20388547987313455,0.4235866887968814,0.5573715826368785
1.0,0.04761904761904762,0.43006744763933275,0.5452179570592057,0.07652474108170315,0.31533570345432405,0.5104447593663095,0.6010549672497504,0.3160876643957696,0.5116558027658783,0.5992025479775962
1.0,0.04761904761904762,0.146432374866881,0.23584905660377262,0.6530494821634067,0.17698502164870258,0.17962093176404006,0.6615583021588219,0.1772381282237018,0.1799421239687624,0.6611846208565422
1.0,0.04761904761904762,0.1471423500177509,0.23584905660377262,0.6530494821634067,0.17703050804892337,0.17962093176404006,0.6615583021588219,0.17728373819899002,0.17994212396876239,0.6611846208565424
1.0,0.04761904761904762,0.4243876464323755,0.47771633051398765,0.6182393555811267,8.194903074076241e-06,8.095819345832412e-07,3.9790087614692724e-16,8.211525481677001e-06,8.116175196784746e-07,0.0
1.0,0.04761904761904762,0.4240326588569406,0.47999349381912754,0.625719217491369,8.149896741404241e-06,4.024778758643639e-05,0.00030054558041793587,8.173918312079219e-06,4.034898526401559e-05,0.0003005455804175379
1.0,0.04761904761904762,0.4172878949236784,0.47706571242680484,0.6412543153049484,3.844290915760432e-06,9.333323155769978e-05,0.001571503880217687,3.849093808333632e-06,9.356790548293271e-05,0.0015715038802172898
1.0,0.04761904761904762,0.42261270855520117,0.47478854912166496,0.6337744533947061,1.4420779093745544e-05,5.181324378932651e-05,0.0012964362610914323,1.4454315634909798e-05,5.194352125942237e-05,0.0012964362610910344
1.0,0.04761904761904762,0.4909478168264114,0.6006831489915415,0.37485615650172566,0.021685401271492606,0.11628915861074847,0.3182030778611219,0.021744315032762595,0.11658155214413572,0.3182030778611215
1.0,0.04761904761904762,0.48899538516151975,0.6006831489915415,0.37485615650172566,0.021710848602091066,0.11628915861074847,0.3182030778611219,0.02176982585625926,0.11658155214413576,0.3182030778611217
1.0,0.04761904761904762,0.4290024849130285,0.47739102147039625,0.6182393555811267,1.5489679494705137e-06,3.59526601468771e-16,3.656658684590749e-16,1.5475350289489687e-06,0.0,0.0
1.0,0.04761904761904762,0.42776002839900656,0.47739102147039625,0.6182393555811267,0.0,3.59526601468771e-16,3.656658684590749e-16,0.0,0.0,0.0
1.0,0.057142857142857155,0.4256301029463974,0.47739102147039625,0.6182393555811267,9.90139318792339e-07,3.59526601468771e-16,3.656658684590749e-16,9.928292773816064e-07,0.0,0.0
1.0,0.057142857142857155,0.42243521476748375,0.47739102147039625,0.6182393555811267,7.201013227572147e-06,3.59526601468771e-16,3.656658684590749e-16,7.220576562775291e-06,0.0,0.0
1.0,0.057142857142857155,0.4192403265885701,0.47739102147039625,0.6182393555811267,2.7303841821271843e-06,3.59526601468771e-16,3.656658684590749e-16,2.7378019467189933e-06,0.0,0.0
1.0,0.057142857142857155,0.42722754703585425,0.47739102147039625,0.6182393555811267,1.0475223929477434e-05,3.59526601468771e-16,3.656658684590749e-16,1.0498041393222495e-05,0.0,0.0
1.0,0.057142857142857155,0.42580759673411483,0.47739102147039625,0.6182393555811267,1.7076152721415467e-05,3.59526601468771e-16,3.656658684590749e-16,1.711690324243317e-05,0.0,0.0
1.0,0.057142857142857155,0.415867944621939,0.47739102147039625,0.6182393555811267,3.4088546471551146e-05,3.59526601468771e-16,3.656658684590749e-16,3.41755153719898e-05,0.0,0.0
1.0,0.057142857142857155,0.2655307064252765,0.616948601171112,0.47324510932105834,0.08524229412354763,0.09831726577547258,0.07452107693382568,0.08532750881513461,0.09839511662658038,0.07439303384631019
1.0,0.057142857142857155,0.4456869009584675,0.5071567989590104,0.28164556962025333,0.21982317424451106,0.16395195256788356,0.19855661179408243,0.2196975704002783,0.16382354910055352,0.19854338285264247
1.0,0.057142857142857155,0.5617678381256663,0.7955432661027975,0.29545454545454497,0.13300273306580934,1.0,0.18561816266516923,0.13306621349375441,1.0,0.18559593296247537
1.0,0.057142857142857155,0.38338658146965054,0.9053350683148991,0.4870540851553504,0.0034099798054710068,0.9244787068881513,0.0610025142247417,0.0034131364554881986,0.925210739594664,0.06089769890820406
1.0,0.057142857142857155,0.4068157614483509,0.4786922576447619,0.6182393555811267,5.2087329012726194e-05,3.0400627735656523e-06,3.213427328882779e-16,5.222883713740796e-05,3.047706604506925e-06,0.0
1.0,0.057142857142857155,0.4066382676606334,0.483083929733246,0.6182393555811267,5.095091911275088e-05,9.396933165082078e-06,3.213427328882779e-16,5.106113452139661e-05,9.418490043411683e-06,0.0
1.0,0.057142857142857155,0.4059282925097634,0.48812621990891286,0.6182393555811267,5.308121885924011e-05,9.268887042835374e-06,3.213427328882779e-16,5.3219786056309676e-05,9.283910607750719e-06,0.0
1.0,0.057142857142857155,0.4009584664536753,0.48910214703968713,0.614211737629462,6.088231652244149e-05,8.32712846631428e-06,1.0924311038321647e-05,6.104207733264948e-05,8.339784105267592e-06,1.0924311038000107e-05
1.0,0.057142857142857155,0.4465743698970545,0.5762849707221855,0.6495972382048367,0.006547521277165665,0.03645653191026695,0.004480591654879191,0.006554162474634644,0.036484062635306694,0.004472965505852761
1.0,0.057142857142857155,0.44834930777422877,0.5785621340273255,0.6536248561565015,0.006513916548770351,0.03639118708272062,0.004438418733197609,0.006520466450675024,0.036420002823932075,0.00443079258417118
1.0,0.057142857142857155,0.41569045083422157,0.4900780741704613,0.6182393555811267,4.3836168022794075e-05,7.087972444575692e-06,3.1731335692729636e-16,4.39552598258946e-05,7.09751239147401e-06,0.0
1.0,0.057142857142857155,0.4124955626553079,0.48178269355888026,0.6182393555811267,3.4984922597244216e-05,8.1412550630541e-06,3.1731335692729636e-16,3.506492493297751e-05,8.159654706767522e-06,0.0
1.0,0.057142857142857155,0.2568335108271224,0.5296031229668179,0.726121979286535,0.09001143892202787,0.013761484374094093,0.04125537936121848,0.09010217335838268,0.013772381170934017,0.04118449382966968
1.0,0.057142857142857155,0.2602058927937541,0.530091086532205,0.726121979286535,0.09012053052189781,0.01375473097377562,0.04125537936121848,0.0902083177142139,0.01376605179655224,0.041184493829669676
1.0,0.057142857142857155,0.2749378771743002,0.5954782042940788,0.4991369390103575,0.03844535825218963,0.03675966251734468,0.029938455480257135,0.03854953569464475,0.03684194455242777,0.029919873263474603
1.0,0.057142857142857155,0.21813986510472344,0.5984059856864016,0.46029919447641143,0.05169087197875544,0.0367098484452708,0.03427093380176033,0.051810177202219,0.03679419162774954,0.034269296062439156
1.0,0.057142857142857155,0.36510472133475536,0.48080676642810605,0.5794016110471807,0.01525299494171958,5.889708571344078e-05,0.005346697165214145,0.015267358196953731,5.8943722366649205e-05,0.005337510400325188
1.0,0.057142857142857155,0.4300674476393342,0.4773910214703962,0.6182393555811267,1.1585380135441808e-05,2.261121093600381e-16,2.729902213564994e-16,1.1618735047236564e-05,0.0,0.0
1.0,0.057142857142857155,0.42208022719205,0.4773910214703962,0.6182393555811267,2.4993516744064553e-05,2.261121093600381e-16,2.729902213564994e-16,2.506141781996588e-05,0.0,0.0
1.0,0.057142857142857155,0.5337238196663132,1.0,0.0667433831990798,0.025899617988123572,0.7757782990273815,0.763607626693427,0.025953367745259904,0.7773688608081009,0.7628035420536072
1.0,0.057142857142857155,0.5356762513312048,1.0,0.0667433831990798,0.02585412783737505,0.7757782990273815,0.763607626693427,0.02590879760821108,0.777368860808101,0.7628035420536073
1.0,0.057142857142857155,0.42829250976215993,0.47739102147039614,0.6182393555811267,3.8964232511089736e-05,1.5408282920090186e-16,1.863586381953963e-16,3.90644474197022e-05,0.0,0.0
1.0,0.057142857142857155,0.41569045083422224,0.4559206245933629,0.6242807825086301,0.007189341585294485,0.007125047992512878,0.0003961333020002243,0.0071714916850162515,0.007106887402007435,0.0003941326287576136
1.0,0.057142857142857155,0.18849840255591288,0.637443070917371,0.5069044879171458,0.13513424423275266,0.2797970678792817,0.06108659694101161,0.1354356174874519,0.27977496098832033,0.06095394005601883
1.0,0.057142857142857155,0.2607383741569068,0.7018542615484706,0.48878020713463677,0.11714628196403669,0.2543392517738024,0.059407746280154314,0.11726224423488525,0.2545406459751626,0.05930567111472434
1.0,0.057142857142857155,0.4435569755058588,0.47739102147039614,0.6182393555811267,3.8079107968535024e-05,2.3479288259185047e-16,1.8031457425392398e-16,3.818443965111398e-05,0.0,0.0
1.0,0.057142857142857155,0.6906283280085209,0.5862068965517235,0.16944764096662857,0.14601473893636047,0.07605336192446305,0.45884283963129546,0.14626189237656542,0.07611621778185913,0.4581598705777636
1.0,0.057142857142857155,0.6911608093716731,0.5862068965517235,0.16944764096662857,0.1459828707023008,0.07605336192446305,0.45884283963129546,0.14623310220787983,0.07611621778185912,0.4581598705777637
1.0,0.057142857142857155,0.43947461838835805,0.47739102147039614,0.6182393555811267,5.175728257324334e-05,2.3846152138234814e-16,1.4002081464410856e-16,5.188285117710821e-05,0.0,0.0
1.0,0.057142857142857155,0.6490947816826423,0.5017891997397521,0.576812428078251,0.1841055035450082,0.0030049533527152896,0.00608335321908792,0.18428958534479584,0.0030073327738086328,0.00607290072214777
1.0,0.057142857142857155,0.6592119275825358,0.5017891997397521,0.576812428078251,0.18358401141780661,0.0030049533527152896,0.00608335321908792,0.18376203385003653,0.0030073327738086336,0.00607290072214777
1.0,0.057142857142857155,0.6072062477813289,0.2802537410540003,0.5181242807825082,0.10495028591116709,0.19618258656669646,0.035528472619811416,0.10505236961017496,0.19633793040397993,0.03546742713421024
1.0,0.057142857142857155,0.5937167199148041,0.2802537410540003,0.5181242807825082,0.10547490972901714,0.19618258656669646,0.035528472619811416,0.1055807578644578,0.19633793040397995,0.03546742713421024
1.0,0.057142857142857155,0.4456869009584681,0.47739102147039614,0.6182393555811267,0.0004930631270637335,2.494674377538411e-16,1.4203550262459936e-16,0.0004936523920838434,0.0,0.0
1.0,0.057142857142857155,0.44515441959531576,0.4822706571242673,0.6671461449942462,0.0004878086377242435,0.00018215593519575925,0.012848768156903737,0.000488456961603909,0.00018261394192765676,0.012848768156903598
1.0,0.057142857142857155,0.4467518636847727,0.47543916720884766,0.4574223245109321,0.0009331800542661228,0.00042815318863122123,0.17100737753928993,0.0009342429482236879,0.00042882391379011974,0.17073949147513587
1.0,0.057142857142857155,0.46272630457934133,0.4720234222511378,0.4085155350978136,0.0015166871573624458,0.00024952884809766496,0.1559096893376366,0.0015208019724403865,0.0002495578941311368,0.15564180327348254
1.0,0.057142857142857155,0.4417820376286847,0.47885491216655746,0.6182393555811267,0.0006854952034595854,1.0817832070023449e-05,1.561383184880347e-16,0.0006862763147637131,1.0826397985711079e-05,0.0
1.0,0.057142857142857155,0.42705005324813816,0.5086206896551717,0.5586881472957415,2.220312411844918e-05,0.00492331557308859,0.012570679112880767,2.221831579837313e-05,0.004927214016608066,0.012549080007875666
1.0,0.057142857142857155,0.4490592829250992,0.5086206896551717,0.5586881472957415,0.0006170368209372967,0.00492331557308859,0.012570679112880767,0.0006186981113549682,0.004927214016608066,0.012549080007875668
1.0,0.057142857142857155,0.4432019879304241,0.47739102147039614,0.6182393555811267,0.0006389886596982106,2.485502780562167e-16,1.561383184880347e-16,0.0006407189895129529,0.0,0.0
1.0,0.057142857142857155,0.42279020234291986,0.47739102147039614,0.6182393555811267,1.0381460736526641e-05,2.485502780562167e-16,1.561383184880347e-16,1.040966454466772e-05,0.0,0.0
1.0,0.057142857142857155,0.29304224352147806,0.6267078724788544,0.5681818181818175,0.07113860339611426,0.11254872485393097,0.008882118154952979,0.07121055769689418,0.11263784464333806,0.008866856783552562
1.0,0.057142857142857155,0.2868299609513677,0.6267078724788544,0.5681818181818175,0.07093658122033152,0.11254872485393097,0.008882118154952979,0.07100510408830606,0.11263784464333806,0.008866856783552564
1.0,0.057142857142857155,0.4327298544550944,0.47739102147039614,0.6182393555811267,5.049710525842076e-05,2.3479288259185047e-16,1.5664199048315744e-16,5.063429314646172e-05,0.0,0.0
1.0,0.057142857142857155,0.4362797302094429,0.47739102147039614,0.6182393555811267,4.074573317942211e-05,2.3479288259185047e-16,1.5664199048315744e-16,4.085642905103683e-05,0.0,0.0
1.0,0.057142857142857155,0.4339723109691161,0.47739102147039614,0.6182393555811267,1.982153901452747e-05,2.3479288259185047e-16,1.5664199048315744e-16,1.986974805699123e-05,0.0,0.0
1.0,0.057142857142857155,0.4339723109691161,0.47739102147039614,0.6182393555811267,2.9572911093524932e-05,2.3479288259185047e-16,1.5664199048315744e-16,2.9625047850657452e-05,0.0,0.0
1.0,0.057142857142857155,0.42616258430954934,0.47739102147039614,0.6182393555811267,1.0220188044438313e-05,2.3479288259185047e-16,1.5664199048315744e-16,1.0242312639957547e-05,0.0,0.0
1.0,0.057142857142857155,0.4346822861199858,0.47739102147039614,0.6182393555811267,2.1951838761015992e-05,2.3479288259185047e-16,1.5664199048315744e-16,2.201335672406516e-05,0.0,0.0
1.0,0.057142857142857155,0.4256301029463971,0.4773910214703957,0.6182393555811267,5.274742189203708e-05,2.3479288259185047e-16,1.5664199048315744e-16,5.289072332232895e-05,0.0,0.0
1.0,0.057142857142857155,0.3537451189208381,0.4925178919973968,0.576812428078251,0.018475808411717462,0.0011551040687838995,0.0060833532190879384,0.01849422634142409,0.0011560187182520386,0.0060729007221477695
1.0,0.057142857142857155,0.3572949946751873,0.4925178919973968,0.576812428078251,0.01852681558874606,0.0011551040687838995,0.0060833532190879384,0.01854537209207708,0.001156018718252039,0.00607290072214777
1.0,0.057142857142857155,0.42154774582889715,0.4773910214703957,0.6182393555811267,1.074526192562237e-05,2.34735560110749e-16,1.5739749847584146e-16,1.07688130143266e-05,0.0,0.0
1.0,0.057142857142857155,0.7177848775292869,0.4583604424202985,0.615650172612197,0.29877636970256943,0.0018282136197920768,2.376309851221917e-05,0.29906979775411363,0.0018296612595851726,2.3722268445889772e-05
1.0,0.057142857142857155,0.7365992190273345,0.2680546519193223,0.3014959723820474,0.29930426398059373,0.1835187218135378,0.3496804729754866,0.29967873304424103,0.1837250732279838,0.34908924908064304
1.0,0.057142857142857155,0.45793397231097016,0.28708523096941996,0.30408515535097713,0.0018164555866539574,0.18282136197918417,0.3498350556060135,0.0018182314357138515,0.18296612595851725,0.34923396444517835
1.0,0.057142857142857155,0.4316648917287907,0.4773910214703957,0.6182393555811267,5.988842667601315e-05,2.494674377538411e-16,1.561383184880347e-16,6.005112841374778e-05,0.0,0.0
1.0,0.057142857142857155,0.35764998225062233,0.49967469095640793,0.45253164556961956,0.020011709522603123,0.0025449414627654416,0.09733365150540466,0.020032314449370096,0.002546766747278231,0.09716641155436433
1.0,0.057142857142857155,0.3569400070997525,0.49967469095640793,0.45253164556961956,0.020001808129415214,0.0025449414627654416,0.09733365150540466,0.020022386156596288,0.0025467667472782313,0.09716641155436437
1.0,0.057142857142857155,0.3986510472133486,0.4178594664931678,0.5722094361334862,0.003941354573221995,0.02222485804476471,0.01138160777912582,0.003952062238692339,0.02228073947731054,0.011381607779125676
1.0,0.057142857142857155,0.4029108981185667,0.41558230318802797,0.5722094361334862,0.003983660525933953,0.02218750162122938,0.01138160777912582,0.003994483125998644,0.022243289126045375,0.011381607779125676
1.0,0.057142857142857155,0.4806531771388014,0.5281392322706566,0.5750863060989633,0.015045106940578493,0.021283149034484566,0.01000336621212232,0.015085980698342081,0.021336662665695977,0.010003366212122175
1.0,0.057142857142857155,0.48154064607738883,0.5245608327911512,0.5750863060989633,0.015044825650999294,0.021346940786483647,0.01000336621212232,0.015085700524928582,0.02140061481352207,0.010003366212122174
1.0,0.057142857142857155,0.4272275470358549,0.4690956408588154,0.6182393555811267,3.5228706899311624e-05,1.0322169661333102e-05,1.4707222257582623e-16,3.532629476168212e-05,1.0346052923044223e-05,0.0
1.0,0.057142857142857155,0.4662761803336891,0.3703643461288218,0.47324510932105834,0.004736290175629573,0.0478018313932944,0.07452107693382547,0.004740464583215804,0.04784085267012766,0.07439303384631019
1.0,0.057142857142857155,0.5204117855875054,0.4328236824983729,0.5880322209436128,0.02005545192743277,0.0689504576500588,0.12487535488132526,0.020105048595730705,0.06890647649330814,0.12446432767852036
1.0,0.057142857142857155,0.48580049698260663,0.537247885491216,0.7330264672036813,0.015807172918024436,0.019117599970894936,0.046705049953317784,0.015823041734930647,0.019133833335551485,0.0466248007265937
1.0,0.057142857142857155,0.4187078452254182,0.3843526350032524,0.3006329113924049,0.00025215923037980704,0.0388104326891608,0.3575659836552709,0.00025236479194443585,0.03884241610220671,0.3569516091129078
1.0,0.057142857142857155,0.24139155129570627,0.2535783994795049,0.051208285385500485,0.13172528457082242,0.11167697033159804,0.560720741401415,0.13187463972684094,0.11194703390692029,0.5606924280188618
1.0,0.057142857142857155,0.24671636492722937,0.33929733246584204,0.36881472957422234,0.13173158545739655,0.07637702947734105,0.2205241945362115,0.13186043925960073,0.07643862870064566,0.22014528698546176
1.0,0.057142857142857155,0.43414980475683523,0.462752114508783,0.6182393555811267,2.505352518765053e-05,3.7174680654215065e-06,3.334308607712225e-16,2.5121589291322356e-05,3.7268151413807496e-06,0.0
1.0,0.057142857142857155,0.49982250621228413,0.37394274560832735,0.5552359033371692,0.015835328129638653,0.04356089425825679,0.014070394663419944,0.015850820270754053,0.04359567895163796,0.01404621872757182
1.0,0.057142857142857155,0.3143414980475704,0.0,0.3455120828538556,0.15131693498848386,0.7674046774273656,0.1670829458257611,0.1513161831489993,0.7686110439893304,0.16695183594660876
1.0,0.057142857142857155,0.2513312034078828,0.08962264150943444,0.42117376294591446,0.13274752840691914,0.7345962414976963,0.15735249684928018,0.13288175972866967,0.7351771538678823,0.15708461078512587
1.0,0.057142857142857155,0.801384451544197,0.40435914118412586,0.6058688147295741,0.5173189337572227,0.022723225944107552,0.0031507291796154238,0.5178394714160378,0.022741500126409433,0.003146913836765026
1.0,0.057142857142857155,1.0,0.5351333767078736,0.6392405063291133,0.64933714579477,0.0967503075502639,0.08922704148062553,0.6509146542197412,0.09669302424928469,0.08921614892630536
1.0,0.057142857142857155,0.6304579339723116,0.5941769681197149,0.8529919447640957,0.14953357030792702,0.0723595906529044,0.27617405947942597,0.14968378566149448,0.07241826268284265,0.2761464583546935
1.0,0.057142857142857155,0.4304224352147687,0.46958360442420405,0.8069620253164547,3.662390321213041e-05,0.00046631919410085944,0.1913248267671028,3.672528147071982e-05,0.0004674916913348013,0.19132482676710255
1.0,0.057142857142857155,0.43237486687966076,0.4773910214703979,0.6182393555811267,6.24087813056315e-05,3.531064835854001e-16,2.528433415515917e-16,6.257833021071918e-05,0.0,0.0
1.0,0.057142857142857155,0.436989705360314,0.4773910214703979,0.6182393555811267,5.148724457714955e-05,3.531064835854001e-16,2.528433415515917e-16,5.1612079556004186e-05,0.0,0.0
1.0,0.057142857142857155,0.43681221157259614,0.4773910214703979,0.6182393555811267,1.862137014320474e-05,3.531064835854001e-16,2.528433415515917e-16,1.8666318629862055e-05,0.0,0.0
1.0,0.057142857142857155,0.44959176428825137,0.4773910214703979,0.6182393555811267,7.046866538168008e-05,3.531064835854001e-16,2.528433415515917e-16,7.065446988184409e-05,0.0,0.0
1.0,0.057142857142857155,0.30333688320908936,0.37491867273910306,0.49395857307249624,0.07859205714364063,0.0530073771418939,0.05475017897179025,0.07867252715988374,0.05304935012998429,0.05465610649932995
1.0,0.057142857142857155,0.643592474263401,0.4285946649316861,0.0969505178365937,0.554375254063092,0.06926882161516389,0.6026286941002369,0.5542932761312236,0.06923097442857389,0.6021756799793854
1.0,0.06666666666666668,0.7820376286829961,0.5310670136629809,0.2212313003452242,0.4646435782554827,0.014543974227141217,0.5586968494613608,0.46510900164515745,0.01455549062523379,0.5577368892389184
1.0,0.06666666666666668,0.43219737309194256,0.4756018217306452,0.6182393555811267,3.459861824215064e-05,4.0437791512876655e-06,3.9790087614692724e-16,3.4686972878519735e-05,4.0353126169728234e-06,0.0
1.0,0.06666666666666668,0.43539226127085634,0.46828236824983843,0.638952819332566,8.247035409458001e-05,0.00027040036602390586,0.0015208383047723502,8.26285926817798e-05,0.00027078210636130004,0.0015182251805369426
1.0,0.06666666666666668,0.44533191338303246,0.4700715679895912,0.638952819332566,8.451064117571326e-05,0.00027044580174470314,0.0015208383047723502,8.467442270789944e-05,0.00027065994964277693,0.0015182251805369428
1.0,0.06666666666666668,0.47603833865814776,0.4710474951203654,0.29545454545454497,0.0035718825862044207,0.00020313484664388613,0.3693207963859042,0.0035759002855074236,0.00020329569550946365,0.36868622457080785
1.0,0.06666666666666668,0.4731984380546688,0.4710474951203654,0.29545454545454497,0.0035913553261406376,0.00020313484664388613,0.3693207963859042,0.0035950047276631023,0.00020329569550946365,0.36868622457080796
1.0,0.06666666666666668,0.4966276180333695,0.6514313597918036,0.703394706559263,0.018657615243075045,0.23172258911704477,0.03895355262405803,0.01870830327400101,0.23230522456997124,0.038953552624057634
1.0,0.06666666666666668,0.4992900248491311,0.6514313597918036,0.703394706559263,0.01862357920399162,0.23172258911704477,0.03895355262405803,0.01867416912651559,0.23230522456997132,0.03895355262405764
1.0,0.06666666666666668,0.4547390841320565,0.4788549121665593,0.6182393555811267,0.000632068936050035,1.0817832070152682e-05,3.777539963420195e-16,0.0006331091787448404,1.0826397985711079e-05,0.0
1.0,0.06666666666666668,0.45260915867944734,0.4788549121665593,0.6182393555811267,0.0006684940612928163,1.0817832070152682e-05,3.777539963420195e-16,0.0006693173616335907,1.0826397985711079e-05,0.0
1.0,0.06666666666666668,0.4419595314164016,0.4773910214703979,0.6182393555811267,9.781376300810821e-05,3.783391232352781e-16,3.777539963420195e-16,9.806445544319184e-05,0.0,0.0
1.0,0.06666666666666668,0.44071707490237944,0.4773910214703979,0.6182393555811267,7.384414033238905e-05,3.783391232352781e-16,3.777539963420195e-16,7.403911514564503e-05,0.0,0.0
1.0,0.06666666666666668,0.43876464323748754,0.4773910214703957,0.6182393555811267,4.8186780181459587e-05,3.783391232352781e-16,3.777539963420195e-16,4.831769149923795e-05,0.0,0.0
1.0,0.06666666666666668,0.2726304579339734,0.3083929733246592,0.47295742232451055,0.1132990918903488,0.13643264346048,0.09198083890361322,0.11341314478547623,0.1365405458314989,0.09182557123530911
1.0,0.06666666666666668,0.27050053248136435,0.3061158100195194,0.47295742232451055,0.11320490863817659,0.13631745151669922,0.09198083890361322,0.11331870566118227,0.1364250642529847,0.09182557123530911
1.0,0.06666666666666668,0.5349662761803342,0.42648015614834195,0.6225546605293442,0.03349089237787588,0.01150403949993251,6.60086069783515e-05,0.03352429458036667,0.011512672359920637,6.589519012747159e-05
1.0,0.06666666666666668,0.5388711395101177,0.42778139232270757,0.6225546605293442,0.033433104246724646,0.011521156375112786,6.60086069783515e-05,0.03346634945345038,0.011530643890713517,6.589519012747159e-05
1.0,0.06666666666666668,0.4394746183883573,0.4767404033832151,0.6182393555811267,0.0001110156205919926,1.586119708199902e-06,4.009150382427396e-16,0.00011131722200945234,1.5818259822304968e-06,0.0
1.0,0.06666666666666668,0.4346822861199862,0.4773910214703979,0.6182393555811267,5.5706588265468284e-05,3.7512184300446953e-16,4.009150382427396e-16,5.585980936207434e-05,0.0,0.0
1.0,0.06666666666666668,0.4291799787007458,0.4769030579050108,0.6182393555811267,6.474911060488384e-05,1.2019813414610886e-06,4.009150382427396e-16,6.49250175936211e-05,1.2029331095234535e-06,0.0
1.0,0.06666666666666668,0.4187078452254178,0.467957059206247,0.6320483314154197,5.93821054337236e-05,0.0004660713628965333,0.0010243447001217155,5.9545311982657556e-05,0.0004672432369920427,0.0010243447001213105
1.0,0.06666666666666668,0.4284700035498762,0.4684450227716341,0.6320483314154197,4.2185935825173407e-05,0.00046623245317935935,0.0010243447001217155,4.230054436359188e-05,0.0004674026618619795,0.0010243447001213105
1.0,0.06666666666666668,0.42438764643237537,0.4773910214703957,0.6182393555811267,2.5447330598805752e-05,3.7505819489801197e-16,4.009858671170537e-16,2.5518344930578974e-05,0.0,0.0
1.0,0.06666666666666668,0.4233226837060708,0.48357189329863476,0.6970655926352123,3.797409319259632e-05,0.00029225907824739485,0.03337834318850194,3.8079139576240145e-05,0.0002929939246039293,0.033378343188501525
1.0,0.06666666666666668,0.42847000354987613,0.48357189329863476,0.6970655926352123,5.643794117140082e-05,0.00029225907824739485,0.03337834318850194,5.6591268810751294e-05,0.0002929939246039292,0.03337834318850152
1.0,0.06666666666666668,0.39581114660986927,0.6759921925829552,0.5,0.0019604758512056105,0.19910700716955884,0.04955662177476538,0.001962642966969357,0.1992646666594505,0.04947147294010049
1.0,0.06666666666666668,0.2889598864039766,0.7106376057254407,0.18239355581127814,0.04577918141694572,0.20301772161636342,0.3988886509655405,0.045854813005146634,0.2032944366741269,0.3986465695032069
1.0,0.06666666666666668,0.32321618743344177,0.5120364346128834,0.3006329113924049,0.044737813639990937,0.0060591879404149835,0.357565983655271,0.04478263071955523,0.006063985805107728,0.3569516091129078
1.0,0.06666666666666668,0.4256301029463988,0.4773910214703957,0.6182393555811267,3.3244677734296495e-05,3.4416417653356206e-16,3.334308607712225e-16,3.333499513147923e-05,0.0,0.0
1.0,0.06666666666666668,0.42421015264465944,0.4773910214703957,0.6182393555811267,5.2807430335856086e-05,3.4416417653356206e-16,3.334308607712225e-16,5.2950894793685435e-05,0.0,0.0
1.0,0.06666666666666668,0.4323748668796613,0.4773910214703957,0.6182393555811267,9.166289754293175e-05,3.4416417653356206e-16,3.334308607712225e-16,9.189687962915465e-05,0.0,0.0
1.0,0.06666666666666668,0.7783102591409314,0.641184124918674,0.6979286536248561,0.4620452314018411,0.13487656089462208,0.022848241902717725,0.46250114563190825,0.13498333339282442,0.02280900420912615
1.0,0.06666666666666668,0.857472488462905,0.8422251138581669,0.3561565017261228,0.6828673774579295,0.5590768418162487,0.23161879417019257,0.6816992721359846,0.5581076714328135,0.2315385449434685
1.0,0.06666666666666668,0.5106496272630479,0.673877683799611,0.2908515535097811,0.22748275699567672,0.43492697719652246,0.2049883089910529,0.22737796230429178,0.4348989868702731,0.2049810503126222
1.0,0.06666666666666668,0.3908413205537831,0.3157124268054661,0.7163406214039112,0.006465939798141949,0.12456146681442724,0.025690450028989713,0.006472930988303422,0.12465998712625545,0.02564776446314361
1.0,0.06666666666666668,0.3856940007099775,0.31994144437215444,0.7025316455696191,0.006392358194750473,0.12461108262153765,0.024834216321320286,0.006399429655683025,0.12470972768567574,0.02479153075547418
1.0,0.06666666666666668,0.426340078097269,0.4806441119063122,0.6527617951668576,9.304309174471871e-05,8.095819342059736e-05,0.006402154375758553,9.328082347035332e-05,8.116175196784745e-05,0.006402154375758194
1.0,0.06666666666666668,0.43095491657792206,0.4806441119063122,0.6527617951668576,7.52505882282668e-05,8.095819342059736e-05,0.006402154375758553,7.545502508100177e-05,8.116175196784745e-05,0.006402154375758196
1.0,0.06666666666666668,0.4279375221867253,0.477391021470398,0.6182393555811267,5.1250961330767106e-05,3.700022848900749e-16,3.5105938060051676e-16,5.1392077613857085e-05,0.0,0.0
1.0,0.06666666666666668,0.42722754703585564,0.477391021470398,0.6182393555811267,5.023081779019566e-05,3.700022848900749e-16,3.5105938060051676e-16,5.036916260079729e-05,0.0,0.0
1.0,0.06666666666666668,0.42137025204118045,0.477391021470398,0.6182393555811267,7.981122994082296e-06,3.700022848900749e-16,3.5105938060051676e-16,8.002805690409297e-06,0.0,0.0
0.0,0.0,0.4449769258075982,0.4767404033832152,0.6182393555811267,3.372849581033669e-05,1.5861197081947668e-06,3.5105938060051676e-16,3.3814486543851024e-05,1.5901077936557871e-06,0.0
0.0,0.0,0.8242811501597451,0.19908913467794487,0.03711162255466016,0.2991484220526602,0.231619652426319,0.7330775254076428,0.2996465864356688,0.23200177278799017,0.7325592376210046
