x,y,z,timeStamp
-0.015625,-0.9991455078125,-0.0228729248046875,33111.969926875
-0.0068206787109375,-1.0,-0.017669677734375,33112.069230875
-0.0038604736328125,-1.00067138671875,-0.0189208984375,33112.168504875
-0.0041961669921875,-0.999893188476562,-0.0218658447265625,33112.267808875
-0.0062713623046875,-0.999130249023438,-0.0257110595703125,33112.367082875
-0.005615234375,-0.999542236328125,-0.024383544921875,33112.466379625
-0.0062103271484375,-0.99822998046875,-0.0234375,33112.565652625
-0.0053253173828125,-0.998077392578125,-0.02362060546875,33112.664957625
-0.005889892578125,-0.999267578125,-0.025115966796875,33112.764261625
-0.0048675537109375,-0.998641967773438,-0.023284912109375,33112.863535625
-0.0053558349609375,-0.9991455078125,-0.025115966796875,33112.962839625
-0.0057830810546875,-1.00041198730469,-0.0242767333984375,33113.062143625
-0.0052337646484375,-0.999557495117188,-0.02520751953125,33113.161447625
-0.005157470703125,-0.998306274414062,-0.0243072509765625,33113.260721625
-0.00390625,-1.00007629394531,-0.0254974365234375,33113.360025625
-0.00518798828125,-0.9986572265625,-0.0249481201171875,33113.45927525
-0.005401611328125,-0.999130249023438,-0.0258026123046875,33113.55857925
-0.004119873046875,-0.999313354492188,-0.0255889892578125,33113.65788325
-0.0049591064453125,-1.00186157226562,-0.0237274169921875,33113.75715725
-0.004730224609375,-1.0003662109375,-0.0256500244140625,33113.85646125
-0.0045318603515625,-0.998001098632812,-0.024383544921875,33113.95573525
-0.0044097900390625,-0.998748779296875,-0.0236053466796875,33114.05500825
-0.00518798828125,-0.998626708984375,-0.0272979736328125,33114.15431325
-0.007476806640625,-1.00062561035156,-0.0161895751953125,33114.25358625
-0.0078887939453125,-0.999832153320312,-0.0209503173828125,33114.35289025
-0.0006866455078125,-0.998214721679688,-0.0348968505859375,33114.452138125
0.0086212158203125,-1.00006103515625,-0.0229339599609375,33114.551412125
-0.0072174072265625,-1.00196838378906,-0.029541015625,33114.650685125
-0.0198211669921875,-0.994400024414062,-0.00811767578125,33114.749959125
0.0305023193359375,-1.0023193359375,0.020965576171875,33114.849263125
0.035919189453125,-0.993576049804688,0.0203094482421875,33114.948568125
0.039398193359375,-1.00633239746094,-0.0266571044921875,33115.047841125
-0.0191802978515625,-0.967559814453125,-0.01031494140625,33115.147145125
-0.0299224853515625,-1.00137329101562,-0.0352020263671875,33115.246419125
-0.05120849609375,-1.00148010253906,-0.0188140869140625,33115.345723125
0.0011138916015625,-0.977706909179688,-0.032806396484375,33115.445001625
0.0149383544921875,-0.99420166015625,-0.0090789794921875,33115.544305625
-0.0087890625,-1.00906372070312,-0.01739501953125,33115.643579625
-0.033966064453125,-1.01560974121094,-0.026336669921875,33115.742883625
-0.0024566650390625,-1.00279235839844,-0.0209503173828125,33115.842157625
0.0059356689453125,-1.00686645507812,0.0027313232421875,33115.941430625
0.042694091796875,-0.995712280273438,-0.0280609130859375,33116.040735625
0.063079833984375,-1.00199890136719,0.0010986328125,33116.140008625
-0.051605224609375,-1.0047607421875,0.0343780517578125,33116.239313625
0.001922607421875,-1.00112915039062,-0.0352630615234375,33116.338617625
-0.0378875732421875,-0.998519897460938,-0.0390777587890625,33116.437871875
-0.029449462890625,-1.00241088867188,-0.0308837890625,33116.537176875
-0.0322113037109375,-0.996337890625,-0.0182342529296875,33116.636480875
0.0082855224609375,-1.02455139160156,-0.039337158203125,33116.735753875
0.0325469970703125,-0.98760986328125,-0.0296173095703125,33116.835058875
0.0187225341796875,-0.990707397460938,-0.0003509521484375,33116.934362875
0.00653076171875,-1.00360107421875,-0.0125579833984375,33117.033666875
-0.025299072265625,-1.00009155273438,-0.04046630859375,33117.132940875
0.019012451171875,-0.996505737304688,-0.0245361328125,33117.232244875
-0.011444091796875,-0.981002807617188,0.018768310546875,33117.331548875
0.0237579345703125,-0.997207641601562,0.0058135986328125,33117.430802
-0.032073974609375,-1.00344848632812,-0.0543060302734375,33117.530106
-0.0098419189453125,-1.00224304199219,-0.0425262451171875,33117.62941
0.0347137451171875,-0.966400146484375,0.0072479248046875,33117.728714
0.0619659423828125,-0.982421875,-0.00079345703125,33117.827988
-0.00531005859375,-0.984542846679688,0.0369110107421875,33117.927292
0.0201873779296875,-1.00196838378906,-0.0054168701171875,33118.026597
-0.0020599365234375,-0.987014770507812,-0.0133056640625,33118.12587
0.0038299560546875,-1.01800537109375,0.0341033935546875,33118.225174
0.0325164794921875,-1.0107421875,-0.0010528564453125,33118.324479
-0.0485687255859375,-0.999526977539062,-0.0031585693359375,33118.42372925
0.015411376953125,-1.00509643554688,-0.033721923828125,33118.52300325
0.0207061767578125,-0.998687744140625,-0.0026397705078125,33118.62230725
0.0111083984375,-0.99078369140625,0.000823974609375,33118.72161125
-0.02484130859375,-1.00875854492188,-0.0294342041015625,33118.82088525
0.0090789794921875,-0.997344970703125,0.00341796875,33118.92018925
-0.0108795166015625,-0.999954223632812,-0.0107421875,33119.01946325
0.014404296875,-0.998184204101562,0.02508544921875,33119.11876725
-0.0017852783203125,-0.998977661132812,0.03204345703125,33119.21804125
-0.0004730224609375,-1.0111083984375,0.0094451904296875,33119.31731525
0.005523681640625,-0.972671508789062,-0.0675811767578125,33119.41661925
-0.0306854248046875,-0.990554809570312,-0.0016021728515625,33119.515872625
-0.0243682861328125,-0.995864868164062,-0.040740966796875,33119.615177625
-0.0437164306640625,-0.977325439453125,-0.0387725830078125,33119.714481625
0.0179443359375,-0.959152221679688,0.0313873291015625,33119.813754625
-0.075225830078125,-1.23361206054688,-0.0911865234375,33119.913059625
-0.101654052734375,-0.997085571289062,0.05035400390625,33120.012363625
0.0182647705078125,-0.990997314453125,0.047637939453125,33120.111667625
0.0318756103515625,-0.983047485351562,0.0800933837890625,33120.210941625
0.0602264404296875,-0.972824096679688,0.0070037841796875,33120.310245625
-0.082427978515625,-0.980361938476562,0.0724639892578125,33120.409549625
0.00897216796875,-1.00404357910156,0.0680694580078125,33120.508833
0.0730133056640625,-0.994094848632812,0.089263916015625,33120.608138
0.034759521484375,-0.993850708007812,0.0828399658203125,33120.707442
0.042144775390625,-0.991455078125,0.05401611328125,33120.806746
0.094696044921875,-0.993804931640625,0.030517578125,33120.90602
0.0228729248046875,-0.990676879882812,0.0506744384765625,33121.005324
0.0398406982421875,-0.991790771484375,0.03515625,33121.104628
0.0162506103515625,-0.992233276367188,0.0313262939453125,33121.203932
0.0874481201171875,-0.99530029296875,0.129348754882812,33121.303206
0.0679473876953125,-0.993331909179688,0.128646850585938,33121.40251
0.0446014404296875,-0.998764038085938,0.076141357421875,33121.5018124167
0.0477752685546875,-0.984390258789062,0.0870208740234375,33121.6011164167
0.161590576171875,-1.01307678222656,0.165298461914062,33121.7004214167
-0.046844482421875,-1.01286315917969,0.0453948974609375,33121.7997254167
-0.081817626953125,-0.961456298828125,-0.0664520263671875,33121.8990604167
0.0437164306640625,-1.03379821777344,0.0653839111328125,33121.9983644167
0.0297698974609375,-0.94580078125,0.205032348632812,33122.0976374167
0.0328826904296875,-0.97747802734375,0.0079345703125,33122.1969424167
0.043609619140625,-0.947341918945312,-0.0572052001953125,33122.2962464167
0.05126953125,-0.98968505859375,0.00872802734375,33122.3955504167
0.0092926025390625,-1.02482604980469,-0.006805419921875,33122.4948321667
-0.03466796875,-0.634994506835938,0.164993286132812,33122.5941361667
0.0257568359375,-0.95489501953125,0.0283966064453125,33122.6934101667
-0.247955322265625,-1.07872009277344,-0.189620971679688,33122.7927141667
-0.044281005859375,-1.00453186035156,-0.0247955322265625,33122.8920191667
-0.0103607177734375,-1.00755310058594,-0.06719970703125,33122.9913231667
0.0032806396484375,-1.00532531738281,-0.0666656494140625,33123.0906271667
0.0688018798828125,-1.00187683105469,0.0271148681640625,33123.1899311667
0.0036468505859375,-0.994903564453125,-0.0127105712890625,33123.2892051667
0.0458221435546875,-0.98150634765625,0.028228759765625,33123.3885091667
-0.0130615234375,-1.00357055664062,-0.0457000732421875,33123.487795625
0.005767822265625,-0.988128662109375,-0.03741455078125,33123.587069625
0.0492706298828125,-0.98583984375,-0.04022216796875,33123.686373625
0.0601348876953125,-0.993072509765625,-0.0009002685546875,33123.785677625
-0.05267333984375,-1.00100708007812,-0.066192626953125,33123.884951625
0.0461578369140625,-0.992584228515625,0.0030975341796875,33123.984255625
0.078857421875,-1.00244140625,-0.024505615234375,33124.083559625
0.0225067138671875,-0.9964599609375,-0.000640869140625,33124.182864625
0.100982666015625,-1.0,-0.01104736328125,33124.282168625
-0.02325439453125,-1.00927734375,-0.0181427001953125,33124.381472625
-0.01055908203125,-1.00761413574219,-0.00146484375,33124.480753125
-0.0038299560546875,-1.00334167480469,-0.0007781982421875,33124.580057125
0.0216827392578125,-0.994277954101562,0.0035552978515625,33124.679362125
-0.0054931640625,-1.001953125,-0.0115966796875,33124.778666125
-0.00439453125,-0.998489379882812,-0.0347442626953125,33124.877939125
-0.032501220703125,-0.992828369140625,-0.0493621826171875,33124.977244125
0.010711669921875,-1.00970458984375,-0.0394439697265625,33125.076548125
0.0151519775390625,-0.98809814453125,0.03387451171875,33125.175822125
0.027984619140625,-1.00386047363281,0.00927734375,33125.275126125
0.013671875,-0.99810791015625,0.005157470703125,33125.374399125
0.0176544189453125,-0.986846923828125,-0.002899169921875,33125.47368375
-0.0015869140625,-1.0029296875,-0.0143585205078125,33125.57298775
-0.0030670166015625,-0.997421264648438,-0.03594970703125,33125.67229175
-0.015625,-0.983200073242188,-0.0580291748046875,33125.77159575
-0.033203125,-0.99822998046875,0.0578765869140625,33125.87089975
0.0619049072265625,-1.00018310546875,-0.0256500244140625,33125.97020475
0.035247802734375,-1.00819396972656,-0.0415191650390625,33126.06950875
0.03106689453125,-1.00770568847656,-0.0660858154296875,33126.16878275
0.0139617919921875,-1.00474548339844,-0.05035400390625,33126.26808675
0.044708251953125,-1.0013427734375,0.0086517333984375,33126.36739075
0.04522705078125,-0.993698120117188,-0.0063323974609375,33126.466673625
-0.0223846435546875,-1.005126953125,-0.036041259765625,33126.565977625
-0.01800537109375,-0.99395751953125,-0.05755615234375,33126.665282625
-0.005035400390625,-0.991561889648438,-0.021575927734375,33126.764586625
-0.0456390380859375,-0.9967041015625,-0.0364532470703125,33126.863859625
-0.004791259765625,-1.00779724121094,0.0027618408203125,33126.963164625
-0.038909912109375,-0.996307373046875,0.05078125,33127.062468625
-0.0184173583984375,-0.989456176757812,-0.02325439453125,33127.161741625
-0.02435302734375,-1.01556396484375,-0.0393218994140625,33127.261046625
0.0153350830078125,-0.997573852539062,0.0178375244140625,33127.360350625
-0.021087646484375,-0.9957275390625,-0.0435333251953125,33127.459634
-0.0492401123046875,-1.00912475585938,-0.075531005859375,33127.558938
-0.0525970458984375,-1.04039001464844,0.050018310546875,33127.658242
0.0149993896484375,-1.00880432128906,0.0360870361328125,33127.757547
0.093017578125,-0.993789672851562,0.0160675048828125,33127.856851
0.0393218994140625,-0.997512817382812,0.036468505859375,33127.956155
-0.0084228515625,-1.00141906738281,-0.0176849365234375,33128.055429
-0.0294647216796875,-0.99310302734375,-0.0541229248046875,33128.154733
0.0326385498046875,-0.996307373046875,-0.009063720703125,33128.254037
0.0063934326171875,-1.00627136230469,0.0162506103515625,33128.353311
0.00799560546875,-0.999893188476562,-0.039703369140625,33128.4525937917
-0.036712646484375,-0.987350463867188,-0.0583343505859375,33128.5518977917
-0.003692626953125,-1.00241088867188,-0.0361175537109375,33128.6511717917
0.036590576171875,-0.998321533203125,-0.004150390625,33128.7504757917
0.041015625,-0.99627685546875,0.0145263671875,33128.8497797917
0.0095062255859375,-1.01039123535156,-0.0304412841796875,33128.9490847917
0.003570556640625,-1.00874328613281,-0.008880615234375,33129.0483887917
-0.0305938720703125,-0.997634887695312,-0.0440521240234375,33129.1476617917
-0.0232391357421875,-1.00184631347656,-0.007110595703125,33129.2469667917
-0.033233642578125,-1.01217651367188,-0.0219879150390625,33129.3462707917
-0.0390472412109375,-0.99285888671875,-0.0113372802734375,33129.445553875
0.0468902587890625,-0.9959716796875,0.080352783203125,33129.544857875
0.0427398681640625,-0.994491577148438,0.0110015869140625,33129.644161875
0.0363311767578125,-1.00447082519531,-0.01458740234375,33129.743466875
0.0250091552734375,-0.9989013671875,-0.0588226318359375,33129.842770875
-0.0003814697265625,-0.997955322265625,-0.0087738037109375,33129.942074875
-0.00115966796875,-1.0108642578125,-0.022186279296875,33130.041378875
-0.0031585693359375,-1.00755310058594,-0.0240631103515625,33130.140682875
-0.0096435546875,-0.989288330078125,0.0109100341796875,33130.239987875
-0.0268707275390625,-1.00100708007812,-0.0110321044921875,33130.339291875
-0.0182647705078125,-0.9974365234375,-0.013946533203125,33130.4386047917
-0.0303955078125,-1.00462341308594,-0.0207977294921875,33130.5379087917
0.057891845703125,-0.993881225585938,-0.046600341796875,33130.6372437917
-0.030181884765625,-0.992889404296875,-0.0632171630859375,33130.7365177917
0.0463409423828125,-1.00808715820312,-0.0794525146484375,33130.8358217917
0.00982666015625,-1.03433227539062,-0.0407257080078125,33130.9351557917
0.0600738525390625,-1.00056457519531,-0.06585693359375,33131.0344297917
0.16387939453125,-0.993377685546875,0.104354858398438,33131.1337337917
0.08807373046875,-1.00144958496094,0.0334320068359375,33131.2330387917
0.0760650634765625,-0.999557495117188,-0.0142974853515625,33131.3323427917
0.004547119140625,-0.991424560546875,0.02191162109375,33131.4316467917
-0.0482330322265625,-0.99908447265625,-0.00799560546875,33131.5308997917
-0.003265380859375,-1.00477600097656,-0.000335693359375,33131.6302337917
-0.01873779296875,-1.00253295898438,-0.0318756103515625,33131.7295387917
-0.0036163330078125,-0.993606567382812,-0.021209716796875,33131.8288427917
0.0072784423828125,-0.988800048828125,-0.0753173828125,33131.9281467917
0.0044708251953125,-0.98419189453125,-0.039276123046875,33132.0274507917
0.004913330078125,-1.00765991210938,-0.0296478271484375,33132.1267547917
0.0167083740234375,-1.00802612304688,0.0010833740234375,33132.2260287917
0.0489349365234375,-0.996810913085938,0.0014495849609375,33132.3253327917
0.007476806640625,-0.978103637695312,0.0058135986328125,33132.4246367917
0.0024261474609375,-1.00138854980469,-0.0008544921875,33132.523891125
0.0023651123046875,-0.993728637695312,-0.0264434814453125,33132.623195125
0.0464324951171875,-0.987655639648438,-0.1002197265625,33132.722500125
-0.0224456787109375,-1.01507568359375,-0.0209503173828125,33132.821834125
-0.0166015625,-1.00474548339844,0.0211639404296875,33132.921138125
0.0304107666015625,-1.01136779785156,-0.0009765625,33133.020443125
0.03033447265625,-0.989151000976562,0.0040740966796875,33133.119747125
0.0306396484375,-1.01405334472656,-0.046722412109375,33133.219051125
0.0301513671875,-1.00746154785156,-0.0270538330078125,33133.318355125
0.0346832275390625,-0.99310302734375,-0.0292510986328125,33133.417659125
0.028717041015625,-1.01966857910156,-0.0174560546875,33133.516943375
-0.013458251953125,-0.999832153320312,-0.0117340087890625,33133.616247375
0.0150909423828125,-0.994827270507812,-0.0226287841796875,33133.715551375
0.0151519775390625,-1.00096130371094,-0.0137939453125,33133.814855375
-0.0444183349609375,-1.00428771972656,-0.0754852294921875,33133.914159375
-0.012451171875,-1.00302124023438,-0.0489349365234375,33134.013464375
-0.02105712890625,-1.01348876953125,-0.0250396728515625,33134.112768375
-0.0013580322265625,-0.997802734375,-0.016632080078125,33134.212072375
0.01220703125,-1.00033569335938,-0.0076751708984375,33134.311376375
-0.0693511962890625,-1.00190734863281,-0.0292510986328125,33134.410680375
-0.065460205078125,-1.01210021972656,-0.0954742431640625,33134.50996175
0.12835693359375,-1.06181335449219,0.0914764404296875,33134.60926575
0.0337066650390625,-0.99237060546875,-0.0381011962890625,33134.70860075
0.01123046875,-1.02412414550781,0.0119171142578125,33134.80790475
-0.0696563720703125,-1.01870727539062,-0.062225341796875,33134.90723875
0.020751953125,-0.9810791015625,-0.0344085693359375,33135.00654375
0.0609893798828125,-0.947052001953125,0.0108489990234375,33135.10587775
0.071746826171875,-0.961471557617188,-0.05767822265625,33135.20518275
-0.14239501953125,-0.987472534179688,-0.010009765625,33135.30448675
-0.054595947265625,-1.00260925292969,-0.050811767578125,33135.40379075
-0.0017242431640625,-1.00747680664062,-0.037933349609375,33135.5031124167
0.0343017578125,-0.998886108398438,-0.02264404296875,33135.6024164167
-0.0099334716796875,-0.992813110351562,-0.0214996337890625,33135.7017514167
-0.0400238037109375,-0.995986938476562,-0.0468597412109375,33135.8010554167
0.0238494873046875,-1.010498046875,-0.0520172119140625,33135.9003594167
-0.015869140625,-0.994552612304688,-0.003387451171875,33135.9996944167
-0.001068115234375,-0.996139526367188,0.0012969970703125,33136.0989984167
0.018646240234375,-0.999038696289062,-0.0312347412109375,33136.1983024167
-0.004302978515625,-1.00309753417969,-0.064910888671875,33136.2976064167
-0.162307739257812,-1.0145263671875,0.052947998046875,33136.3969414167
0.01947021484375,-0.99700927734375,0.010284423828125,33136.4962205
0.00830078125,-1.01231384277344,-0.0038909912109375,33136.5955245
-0.040313720703125,-0.997222900390625,0.05084228515625,33136.6948295
-0.0109100341796875,-0.999588012695312,-0.008148193359375,33136.7941335
-0.0011444091796875,-1.00013732910156,-0.0175323486328125,33136.8934375
-0.0305023193359375,-0.988311767578125,-0.0264129638671875,33136.9927415
-0.019561767578125,-0.994613647460938,-0.0456390380859375,33137.0920455
-0.0100250244140625,-1.00691223144531,-0.0110626220703125,33137.1913505
-0.0048828125,-0.983444213867188,-0.0242767333984375,33137.2906545
0.0371551513671875,-0.988677978515625,0.007049560546875,33137.3899585
-0.0371246337890625,-1.01022338867188,-0.020782470703125,33137.489255375
0.0025787353515625,-0.999649047851562,-0.0703582763671875,33137.588559375
-0.048248291015625,-0.991668701171875,0.008331298828125,33137.687833375
0.0003509521484375,-1.0081787109375,0.0023040771484375,33137.787137375
-0.0320587158203125,-1.01496887207031,-0.0137481689453125,33137.886411375
0.0147705078125,-0.992355346679688,-0.0041046142578125,33137.985715375
0.0220184326171875,-0.991500854492188,-0.02874755859375,33138.085019375
-0.0049896240234375,-1.0115966796875,-0.0535888671875,33138.184324375
0.0290374755859375,-1.01246643066406,0.032318115234375,33138.283597375
-0.0171661376953125,-0.995819091796875,-0.0003662109375,33138.382932375
-0.0282745361328125,-1.01339721679688,-0.0232391357421875,33138.48222775
-0.0169525146484375,-0.9952392578125,-0.0204010009765625,33138.58153175
0.0269927978515625,-0.993316650390625,-0.020111083984375,33138.68083675
0.107284545898438,-1.00393676757812,-0.0285797119140625,33138.78014075
0.0107269287109375,-1.00726318359375,-0.0160980224609375,33138.87947575
-0.0164794921875,-1.01202392578125,-0.0861968994140625,33138.97877975
0.0697021484375,-1.00628662109375,-0.029571533203125,33139.07805275
-0.00244140625,-1.00105285644531,-0.0192108154296875,33139.17735775
-0.0156707763671875,-1.00361633300781,-0.0176849365234375,33139.27663075
0.027587890625,-0.993209838867188,-0.0337677001953125,33139.37593475
0.0601959228515625,-1.00270080566406,-0.0472412109375,33139.4752154167
-0.003173828125,-0.997756958007812,-0.0085906982421875,33139.5745194167
0.0587310791015625,-1.0042724609375,0.0118560791015625,33139.6737934167
-0.02008056640625,-1.00836181640625,-0.05780029296875,33139.7730974167
0.044586181640625,-1.00083923339844,0.002044677734375,33139.8724014167
0.074005126953125,-0.991043090820312,-0.031585693359375,33139.9717054167
0.04986572265625,-1.01795959472656,0.079833984375,33140.0710094167
0.0178680419921875,-0.996429443359375,0.047088623046875,33140.1702834167
0.0100860595703125,-0.998703002929688,0.0438690185546875,33140.2695874167
-0.0032958984375,-1.00106811523438,0.0263519287109375,33140.3688614167
-0.0055999755859375,-0.9984130859375,-0.0083160400390625,33140.468150625
0.01416015625,-0.998641967773438,-0.0156707763671875,33140.567454625
0.0107879638671875,-0.999496459960938,-0.0166778564453125,33140.666759625
0.0046539306640625,-0.999176025390625,-0.0120697021484375,33140.766032625
-0.005889892578125,-1.00213623046875,-0.0191497802734375,33140.865336625
-0.0039215087890625,-1.00215148925781,-0.0053558349609375,33140.964671625
0.00323486328125,-0.999435424804688,-0.0039520263671875,33141.063975625
0.0040740966796875,-1.05499267578125,-0.017974853515625,33141.163279625
0.01336669921875,-1.00254821777344,-0.02655029296875,33141.262584625
-0.091064453125,-0.993072509765625,-0.0365447998046875,33141.361888625
0.0230712890625,-1.00015258789062,-0.03704833984375,33141.461164
-0.0139617919921875,-1.00015258789062,-0.039794921875,33141.560468
0.012298583984375,-1.001953125,-0.009521484375,33141.659772
0.0121612548828125,-1.01203918457031,-0.040130615234375,33141.759077
-0.0160064697265625,-1.00321960449219,-0.03204345703125,33141.858381
0.010894775390625,-0.998611450195312,-0.027862548828125,33141.957685
0.03466796875,-0.996261596679688,-0.0245819091796875,33142.056989
0.0217132568359375,-1.00242614746094,-0.0055389404296875,33142.156293
0.023895263671875,-1.00056457519531,-0.063995361328125,33142.255598
-0.013885498046875,-0.996337890625,-0.028350830078125,33142.354932
-0.0003662109375,-1.00265502929688,-0.0072174072265625,33142.4542164167
-0.0146026611328125,-0.996612548828125,-0.0442047119140625,33142.5534894167
-0.004669189453125,-0.997299194335938,-0.03778076171875,33142.6527934167
0.00140380859375,-0.9979248046875,-0.0422821044921875,33142.7520984167
-0.01934814453125,-1.00112915039062,-0.03173828125,33142.8513714167
0.00567626953125,-0.998199462890625,-0.029205322265625,33142.9506764167
-0.0075225830078125,-1.00013732910156,-0.0291900634765625,33143.0499494167
0.002655029296875,-0.999664306640625,-0.02874755859375,33143.1492534167
-0.00439453125,-0.999038696289062,-0.02935791015625,33143.2485584167
-0.001617431640625,-0.999435424804688,-0.030517578125,33143.3478314167
-0.0020904541015625,-0.999313354492188,-0.0321044921875,33143.4471161667
6.103515625e-05,-0.999160766601562,-0.0305633544921875,33143.5464201667
-0.001983642578125,-0.99688720703125,-0.031341552734375,33143.6456931667
-0.002044677734375,-0.99755859375,-0.03021240234375,33143.7449981667
0.000457763671875,-0.999359130859375,-0.0309906005859375,33143.8443021667
-0.0024261474609375,-1.00013732910156,-0.02911376953125,33143.9436061667
-6.103515625e-05,-1.00028991699219,-0.0295257568359375,33144.0429101667
-0.0013885498046875,-0.99566650390625,-0.028350830078125,33144.1422451667
-0.0010223388671875,-0.997879028320312,-0.0308837890625,33144.2415191667
-0.0002288818359375,-0.999649047851562,-0.0305633544921875,33144.3408231667
0.0004425048828125,-1.00022888183594,-0.0305633544921875,33144.4400961667
-0.0024261474609375,-0.999221801757812,-0.0293731689453125,33144.5393805
-0.001190185546875,-0.99969482421875,-0.030426025390625,33144.6386845
-0.0009307861328125,-0.9998779296875,-0.0302276611328125,33144.7379585
-0.0009002685546875,-1.00045776367188,-0.0300750732421875,33144.8372625
-0.0005645751953125,-0.999282836914062,-0.030670166015625,33144.9365665
0.010955810546875,-1.00091552734375,-0.03558349609375,33145.0358705
0.00933837890625,-1.00006103515625,-0.0424346923828125,33145.1351445
-0.0224456787109375,-1.00096130371094,-0.0141143798828125,33145.2344485
0.02008056640625,-0.996429443359375,-0.030120849609375,33145.3337525
0.0074310302734375,-1.00039672851562,-0.030059814453125,33145.4330565
-0.005584716796875,-0.999099731445312,-0.02703857421875,33145.5323087917
0.09503173828125,-1.03076171875,0.168685913085938,33145.6316127917
0.037200927734375,-0.996612548828125,0.006744384765625,33145.7309177917
0.0296630859375,-0.973831176757812,0.072052001953125,33145.8301907917
0.03875732421875,-0.960800170898438,-0.0110626220703125,33145.9294647917
0.0331878662109375,-0.976837158203125,-0.0284576416015625,33146.0287687917
0.001861572265625,-1.04306030273438,-0.024078369140625,33146.1280427917
-0.0074615478515625,-1.065673828125,-0.024139404296875,33146.2273157917
-0.0437469482421875,-0.9957275390625,-0.0334625244140625,33146.3265897917
-0.060333251953125,-0.994979858398438,-0.019073486328125,33146.4258937917
-0.047393798828125,-0.946243286132812,-0.025115966796875,33146.525175625
-0.0386962890625,-0.96026611328125,-0.0177001953125,33146.624449625
-0.038909912109375,-0.958694458007812,-0.087890625,33146.723722625
-0.0234222412109375,-0.93804931640625,-0.062042236328125,33146.822996625
-0.0130615234375,-0.980667114257812,-0.052764892578125,33146.922300625
-0.000946044921875,-0.945327758789062,0.022979736328125,33147.021574625
-0.094024658203125,-1.03448486328125,-0.060272216796875,33147.120878625
-0.02166748046875,-1.04902648925781,0.0092315673828125,33147.220182625
-0.0533294677734375,-0.984939575195312,0.021575927734375,33147.319456625
-0.093536376953125,-1.09190368652344,-0.0131683349609375,33147.418730625
-0.0579986572265625,-0.991867065429688,0.0335845947265625,33147.5180121667
0.123184204101562,-0.843017578125,0.134994506835938,33147.6172861667
-0.039886474609375,-1.00105285644531,0.0510406494140625,33147.7165591667
0.128692626953125,-0.8687744140625,-0.18768310546875,33147.8158331667
0.027496337890625,-0.996841430664062,-0.0142364501953125,33147.9151371667
-0.028289794921875,-0.998214721679688,-0.034423828125,33545.566988
-0.0027313232421875,-1.00178527832031,-0.0145111083984375,33545.666323
-0.0085906982421875,-0.995346069335938,-0.0421295166015625,33545.765658
0.0206756591796875,-1.00096130371094,-0.011566162109375,33545.8650119167
0.00054931640625,-0.999038696289062,-0.0233612060546875,33545.9643469167
-0.007415771484375,-0.999252319335938,-0.029693603515625,33546.0636809167
0.0023345947265625,-0.998260498046875,-0.0496978759765625,33546.1630159167
-0.001312255859375,-0.999404907226562,-0.03448486328125,33546.2623509167
-0.0041046142578125,-0.99993896484375,-0.023773193359375,33546.3616849167
-0.0027618408203125,-0.99896240234375,-0.025634765625,33546.4610199167
0.00384521484375,-1.00030517578125,-0.03179931640625,33546.5603849167
0.0034942626953125,-0.99920654296875,-0.0373687744140625,33546.6596899167
-0.0009613037109375,-0.998672485351562,-0.053924560546875,33546.7590239167
0.005279541015625,-0.994110107421875,-0.0559539794921875,33546.8583234167
0.0442352294921875,-0.988021850585938,0.0208740234375,33546.9576584167
-0.0103607177734375,-0.993972778320312,0.0019683837890625,33547.0569934167
0.001251220703125,-1.00047302246094,-0.025360107421875,33547.1563274167
4.57763671875e-05,-0.997756958007812,-0.03607177734375,33547.2556624167
0.00048828125,-1.0018310546875,-0.0266265869140625,33547.3549974167
0.0002593994140625,-0.997833251953125,-0.02642822265625,33547.4543314167
-0.0032958984375,-0.996719360351562,-0.027374267578125,33547.5536664167
-0.0014801025390625,-0.99859619140625,-0.0267181396484375,33547.6530014167
-0.0023040771484375,-0.9986572265625,-0.024383544921875,33547.7523364167
-0.001373291015625,-1.00003051757812,-0.024993896484375,33547.851676625
-0.0008544921875,-0.9998779296875,-0.02642822265625,33547.951010625
-0.0020294189453125,-0.998947143554688,-0.0254364013671875,33548.050345625
-0.0022430419921875,-0.9993896484375,-0.026947021484375,33548.149680625
-0.00164794921875,-0.999267578125,-0.0276336669921875,33548.249045625
-0.0012359619140625,-0.999374389648438,-0.02520751953125,33548.348380625
-0.001708984375,-0.9993896484375,-0.0259246826171875,33548.447715625
-0.000152587890625,-0.999130249023438,-0.0238494873046875,33548.547080625
-0.000457763671875,-0.99951171875,-0.02716064453125,33548.646415625
-0.0007476806640625,-1.00042724609375,-0.0264434814453125,33548.745749625
-0.0013580322265625,-0.998870849609375,-0.0262298583984375,33548.845092125
-0.0023040771484375,-1.00006103515625,-0.0260467529296875,33548.944427125
-0.001129150390625,-0.99993896484375,-0.025482177734375,33549.043761125
-0.001220703125,-0.999130249023438,-0.0254669189453125,33549.143096125
-0.002227783203125,-0.998977661132812,-0.025604248046875,33549.242461125
0.001373291015625,-1.00039672851562,-0.024017333984375,33549.341796125
-0.005157470703125,-1.00033569335938,-0.0232391357421875,33549.441131125
-0.0063934326171875,-0.999786376953125,-0.026885986328125,33549.540465125
-0.0063629150390625,-1.00096130371094,-0.0073699951171875,33549.639831125
0.034942626953125,-0.997283935546875,-0.0413818359375,33549.739165125
0.02154541015625,-0.999038696289062,-0.061004638671875,33549.8385135
0.0205230712890625,-0.998687744140625,-0.0094146728515625,33549.9378785
0.00885009765625,-0.98675537109375,-0.048492431640625,33550.0372435
-0.0233154296875,-0.9908447265625,-0.01904296875,33550.1365785
-0.003692626953125,-0.993270874023438,-0.0482635498046875,33550.2359435
-0.0168914794921875,-1.02218627929688,-0.0262908935546875,33550.3352785
-0.0163726806640625,-1.01210021972656,-0.064117431640625,33550.4346435
0.0045623779296875,-0.99505615234375,-0.021759033203125,33550.5339785
0.0153656005859375,-0.98748779296875,-0.0173492431640625,33550.6333435
0.0071563720703125,-0.999435424804688,0.011505126953125,33550.7327085
0.0006866455078125,-0.995193481445312,-0.0193939208984375,33550.832018125
-0.0257110595703125,-0.992782592773438,-0.013519287109375,33550.931353125
0.0115509033203125,-0.997787475585938,-0.0183258056640625,33551.030687125
-0.0094451904296875,-0.994903564453125,-0.0544891357421875,33551.130022125
0.0139312744140625,-1.00515747070312,-0.013092041015625,33551.229357125
0.0208282470703125,-1.00363159179688,-0.016754150390625,33551.328692125
0.0152740478515625,-1.044677734375,-0.048828125,33551.428026125
-0.014556884765625,-1.00848388671875,-0.0240936279296875,33551.527361125
0.021148681640625,-0.999603271484375,-0.0261688232421875,33551.626696125
0.0130157470703125,-1.00230407714844,-0.015960693359375,33551.726030125
-0.0203704833984375,-0.980239868164062,-0.019073486328125,33551.825396125
0.0755157470703125,-0.981887817382812,0.031097412109375,33551.92470825
0.0030670166015625,-1.01025390625,-0.027557373046875,33552.02407425
0.0411224365234375,-0.992080688476562,0.003662109375,33552.12340825
0.03662109375,-1.02737426757812,-0.0111541748046875,33552.22277425
-0.0388031005859375,-1.02919006347656,-0.0921783447265625,33552.32210825
0.0028533935546875,-0.973480224609375,0.0264434814453125,33552.42144325
0.03802490234375,-0.931884765625,0.101730346679688,33552.52077825
-0.0242462158203125,-1.00740051269531,0.061737060546875,33552.62011225
0.0228729248046875,-0.996200561523438,-0.01507568359375,33552.71944725
-0.0264739990234375,-0.99609375,-0.0221099853515625,33552.81881225
0.015533447265625,-1.00686645507812,-0.00244140625,33552.91809525
-0.0020599365234375,-1.00132751464844,0.0039825439453125,33553.01739925
0.020294189453125,-0.98541259765625,0.0498199462890625,33553.11673325
0.0269622802734375,-1.00787353515625,-0.023712158203125,33553.21606825
-0.012481689453125,-1.01655578613281,-0.013336181640625,33553.31540325
0.0047454833984375,-0.990936279296875,-0.0058135986328125,33553.41473825
-0.0135040283203125,-0.999908447265625,-0.029327392578125,33553.51407225
0.0028533935546875,-0.998641967773438,-0.0121612548828125,33553.61337725
0.0016021728515625,-0.998687744140625,-0.0057525634765625,33553.71271125
-0.02520751953125,-1.00813293457031,-0.03826904296875,33553.81201525
-0.0041961669921875,-1.02223205566406,0.0304107666015625,33553.9113367917
-0.0247344970703125,-0.98223876953125,-0.023834228515625,33554.0106717917
-0.0061798095703125,-1.01640319824219,0.012725830078125,33554.1100067917
-0.0103759765625,-1.00302124023438,-0.0101776123046875,33554.2093107917
0.0178375244140625,-0.993621826171875,-0.049072265625,33554.3086457917
-0.012542724609375,-0.996307373046875,-0.046142578125,33554.4079797917
0.0331268310546875,-1.01046752929688,-0.0152587890625,33554.5073447917
0.035552978515625,-1.00054931640625,0.0201263427734375,33554.6066797917
0.0222625732421875,-0.992523193359375,0.01995849609375,33554.7060147917
-0.0225067138671875,-1.00065612792969,-0.0075225830078125,33554.8053497917
0.0064544677734375,-1.0115966796875,-0.0494384765625,33554.9046636667
0.0103607177734375,-1.00605773925781,-0.0186614990234375,33555.0039986667
0.0140838623046875,-0.990493774414062,0.001220703125,33555.1033026667
-0.00787353515625,-0.988296508789062,0.008331298828125,33555.2026376667
0.0338592529296875,-1.00016784667969,-0.0115203857421875,33555.3019726667
0.0119171142578125,-1.00360107421875,-0.0517730712890625,33555.4013066667
0.001251220703125,-1.00782775878906,-0.0579071044921875,33555.5006416667
-0.0252838134765625,-0.983261108398438,-0.0211944580078125,33555.5999766667
-0.0372772216796875,-0.976760864257812,-0.060791015625,33555.6993116667
0.0016937255859375,-1.0390625,-0.0205230712890625,33555.7986456667
0.001800537109375,-1.0382080078125,-0.0264892578125,33555.897953125
0.021514892578125,-1.00315856933594,0.01531982421875,33555.997288125
0.0056610107421875,-0.982269287109375,0.02142333984375,33556.096622125
0.0098419189453125,-0.998809814453125,0.0197296142578125,33556.195957125
0.0473480224609375,-1.00868225097656,-0.013031005859375,33556.295292125
0.0335845947265625,-1.03945922851562,0.008453369140625,33556.394627125
-0.0301971435546875,-1.00474548339844,-0.00958251953125,33556.493961125
-0.0077362060546875,-1.00407409667969,0.019073486328125,33556.593296125
0.0042724609375,-0.990325927734375,0.004119873046875,33556.692631125
-0.039825439453125,-1.00375366210938,-0.0184783935546875,33556.791996125
0.00421142578125,-1.00823974609375,0.0300140380859375,33556.891337375
0.0130615234375,-0.993942260742188,0.013519287109375,33556.990671375
0.0164642333984375,-1.00531005859375,-0.040771484375,33557.090006375
0.0139007568359375,-1.00013732910156,-0.001251220703125,33557.189341375
0.0096435546875,-1.00901794433594,-0.0004425048828125,33557.288676375
-0.0107421875,-1.016845703125,-0.0166473388671875,33557.388010375
-0.008056640625,-0.963088989257812,-0.0287933349609375,33557.487345375
-0.0437164306640625,-1.03736877441406,-0.0991058349609375,33557.586710375
-0.0374908447265625,-1.06596374511719,0.0289764404296875,33557.686045375
0.058319091796875,-0.976043701171875,-0.046417236328125,33557.785380375
-0.0077056884765625,-1.00334167480469,-0.0357208251953125,33557.884698625
0.0177459716796875,-0.99566650390625,0.000732421875,33557.984033625
0.0191192626953125,-1.0009765625,-0.01226806640625,33558.083398625
-0.0005340576171875,-0.993408203125,-0.00732421875,33558.182733625
0.036346435546875,-1.02351379394531,-0.0299530029296875,33558.282068625
0.0226593017578125,-1.03924560546875,-0.0079193115234375,33558.381402625
0.006011962890625,-0.979202270507812,0.01019287109375,33558.480737625
-0.0710906982421875,-0.948699951171875,-0.0111083984375,33558.580072625
0.032806396484375,-0.972381591796875,-0.000885009765625,33558.679407625
0.0044403076171875,-1.01959228515625,-0.002716064453125,33558.778741625
0.0430755615234375,-0.998336791992188,-0.001556396484375,33558.87802875
0.009765625,-1.00852966308594,-0.0278167724609375,33558.97736275
0.0146026611328125,-1.01092529296875,-0.009429931640625,33559.07669775
0.0118255615234375,-0.996139526367188,-0.01788330078125,33559.17600175
0.003143310546875,-1.00224304199219,-0.014373779296875,33559.27533675
0.0334014892578125,-0.99237060546875,-0.013885498046875,33559.37467175
-0.0334014892578125,-0.96856689453125,-0.04058837890625,33559.47400575
-0.0444793701171875,-0.99029541015625,-0.05657958984375,33559.57337175
-0.0242462158203125,-1.06858825683594,-0.028472900390625,33559.67270575
-0.00775146484375,-0.987228393554688,-0.0323486328125,33559.77204075
0.0075836181640625,-1.00396728515625,0.0413665771484375,33559.8713517917
0.0463409423828125,-1.00575256347656,0.0019683837890625,33559.9706857917
0.0175323486328125,-1.01727294921875,0.0087738037109375,33560.0700207917
0.0268096923828125,-1.01115417480469,-0.0112152099609375,33560.1693557917
0.0052337646484375,-1.0008544921875,-0.008575439453125,33560.2686907917
0.0039215087890625,-1.00105285644531,-0.0166778564453125,33560.3680247917
-0.0025787353515625,-0.99774169921875,0.004913330078125,33560.4673597917
-0.0062103271484375,-0.997451782226562,-0.0335845947265625,33560.5667247917
-0.0233917236328125,-1.01730346679688,-0.03741455078125,33560.6660597917
0.008148193359375,-1.00949096679688,-0.017181396484375,33560.7653947917
-0.010711669921875,-0.988082885742188,0.01373291015625,33560.864704375
0.00152587890625,-0.971542358398438,-0.0293731689453125,33560.964009375
0.0010223388671875,-1.00128173828125,-0.0057373046875,33561.063343375
-0.0004730224609375,-1.00382995605469,-0.0294189453125,33561.162678375
-0.012298583984375,-0.977798461914062,-0.0080718994140625,33561.262013375
0.0106201171875,-1.00225830078125,-0.0148773193359375,33561.361347375
-0.01666259765625,-0.993316650390625,-0.0479736328125,33561.460682375
-0.0021514892578125,-1.04461669921875,-0.006072998046875,33561.560017375
-0.0114593505859375,-0.945510864257812,-0.052734375,33561.659352375
-0.0316009521484375,-0.97137451171875,0.0223846435546875,33561.758686375
-0.0054931640625,-0.996383666992188,-0.024169921875,33561.8580464167
-0.0089111328125,-1.03999328613281,-0.0311126708984375,33561.9573504167
0.044952392578125,-1.00941467285156,-0.0147552490234375,33562.0566844167
0.0525054931640625,-1.01339721679688,0.0053863525390625,33562.1560194167
0.0183258056640625,-1.02082824707031,-0.02294921875,33562.2553544167
-0.0029754638671875,-0.992630004882812,0.00567626953125,33562.3546894167
0.0192413330078125,-1.013671875,-0.0183258056640625,33562.4540234167
-0.0068511962890625,-1.00532531738281,-0.0377655029296875,33562.5533584167
0.035491943359375,-1.0380859375,-0.0555267333984375,33562.6526934167
-0.0200958251953125,-1.00607299804688,-0.0316162109375,33562.7520274167
0.00537109375,-0.9990234375,-0.0311279296875,33562.851318375
-0.008819580078125,-1.00773620605469,-0.0176544189453125,33562.950653375
0.0428619384765625,-0.980484008789062,0.0225830078125,33563.050018375
0.0117950439453125,-0.998916625976562,-0.0299835205078125,33563.149353375
0.0247344970703125,-1.00341796875,-0.054412841796875,33563.248688375
-0.0314483642578125,-1.01039123535156,-0.038360595703125,33563.348022375
0.0027923583984375,-1.01812744140625,0.0012664794921875,33563.447357375
0.031341552734375,-1.02339172363281,-0.04656982421875,33563.546692375
0.0307464599609375,-1.00454711914062,0.019439697265625,33563.646057375
-0.0059967041015625,-0.994796752929688,0.0257568359375,33563.745392375
-0.0149383544921875,-0.981826782226562,0.0093994140625,33563.84473075
0.0277099609375,-1.002685546875,-0.0199737548828125,33563.94406575
0.0166168212890625,-1.0284423828125,-0.0274658203125,33564.04336975
0.0317535400390625,-1.00820922851562,-0.0030670166015625,33564.14270475
0.01043701171875,-0.980743408203125,-0.0107574462890625,33564.24203975
-0.0151214599609375,-1.01411437988281,-0.0030059814453125,33564.34137375
0.0062255859375,-1.00064086914062,-0.0110015869140625,33564.44070875
-0.0260772705078125,-1.00398254394531,-0.0072174072265625,33564.54007375
-0.060028076171875,-0.991470336914062,-0.0130462646484375,33564.63940875
-0.0113983154296875,-1.01655578613281,-0.017791748046875,33564.73874375
0.0348968505859375,-0.96875,-0.0186767578125,33564.83807875
-0.0008392333984375,-0.996688842773438,-0.0098419189453125,33564.9373630417
-0.0144195556640625,-0.999710083007812,0.000885009765625,33565.0366970417
-0.006103515625,-1.02107238769531,-0.011138916015625,33565.1360320417
0.0278778076171875,-0.992813110351562,-0.009307861328125,33565.2353670417
0.012359619140625,-0.994415283203125,-0.0364990234375,33565.3346710417
-0.004150390625,-1.00059509277344,-0.0171356201171875,33565.4340060417
0.0483551025390625,-1.01414489746094,-0.0164947509765625,33565.5333410417
-0.0142669677734375,-0.996475219726562,-0.00555419921875,33565.6326750417
0.0339508056640625,-0.999679565429688,0.000274658203125,33565.7320100417
0.0454254150390625,-1.0208740234375,-0.056396484375,33565.8313450417
0.01593017578125,-1.01646423339844,-0.02215576171875,33565.930659375
0.0192718505859375,-1.00912475585938,-0.0339813232421875,33566.029994375
0.0568389892578125,-1.00631713867188,-0.0068359375,33566.129329375
0.0095672607421875,-0.994781494140625,-0.0159912109375,33566.228633375
-0.002197265625,-0.999404907226562,0.0010833740234375,33566.327937375
0.018707275390625,-0.981185913085938,-0.01806640625,33566.427272375
-0.011016845703125,-0.99847412109375,-0.0424041748046875,33566.526576375
-0.02520751953125,-1.00321960449219,-0.0201568603515625,33566.625880375
0.0051422119140625,-1.00897216796875,-0.063446044921875,33566.725185375
-0.0145416259765625,-0.997772216796875,-0.0367584228515625,33566.824519375
0.0127410888671875,-1.00555419921875,-0.0212860107421875,33566.9238039167
-0.004974365234375,-0.999557495117188,0.0128173828125,33567.0231089167
0.062744140625,-0.991424560546875,-0.0212249755859375,33567.1224429167
0.033538818359375,-0.992462158203125,0.000274658203125,33567.2217479167
0.0068359375,-1.01228332519531,-0.0030059814453125,33567.3210519167
0.0410003662109375,-1.00421142578125,0.0097808837890625,33567.4203869167
0.0254058837890625,-0.9759521484375,0.053619384765625,33567.5196909167
-0.00054931640625,-1.0142822265625,-0.008148193359375,33567.6190249167
0.000274658203125,-1.01692199707031,-0.03118896484375,33567.7183299167
0.0223236083984375,-1.00028991699219,-0.0492706298828125,33567.8176639167
-0.0114898681640625,-1.01434326171875,-0.024993896484375,33567.9169445
-0.0408935546875,-0.991287231445312,-0.003570556640625,33568.0162785
-0.0064697265625,-1.00334167480469,-0.012939453125,33568.1156135
-0.0169525146484375,-0.987899780273438,-0.0301971435546875,33568.2149175
-0.00885009765625,-0.99847412109375,-0.03045654296875,33568.3142525
0.03533935546875,-0.998428344726562,-0.016845703125,33568.4135565
0.0093994140625,-0.97119140625,-0.0207672119140625,33568.5128915
-0.024078369140625,-0.985824584960938,-0.0325775146484375,33568.6121955
0.0695037841796875,-1.06240844726562,-0.0581817626953125,33568.7114995
0.0377349853515625,-1.02433776855469,-0.0677947998046875,33568.8108345
0.0312957763671875,-0.96319580078125,0.0032806396484375,33568.9101349167
-0.0288543701171875,-0.99456787109375,-0.018646240234375,33569.0094389167
0.0253448486328125,-0.981353759765625,0.0149688720703125,33569.1087739167
0.082550048828125,-1.03096008300781,0.0008087158203125,33569.2080779167
-0.0295562744140625,-1.0032958984375,0.0118560791015625,33569.3074129167
0.00140380859375,-1.004150390625,0.0156097412109375,33569.4067169167
0.018096923828125,-0.996414184570312,-0.0560302734375,33569.5060519167
0.02313232421875,-0.9906005859375,-0.0414581298828125,33569.6053559167
0.03125,-1.011474609375,-0.0315093994140625,33569.7046599167
-0.0184478759765625,-0.997055053710938,-0.022125244140625,33569.8039639167
0.0164031982421875,-1.00407409667969,-0.0233612060546875,33569.9032719167
-0.0294189453125,-1.01296997070312,-0.0429534912109375,33570.0025759167
-0.0144195556640625,-1.00128173828125,-0.0400848388671875,33570.1019109167
0.0172576904296875,-0.980392456054688,0.02215576171875,33570.2012149167
0.0542755126953125,-0.99932861328125,-0.002899169921875,33570.3005199167
0.0585479736328125,-1.01422119140625,-0.021636962890625,33570.3998539167
-0.024749755859375,-0.990142822265625,0.0084228515625,33570.4991579167
0.0004730224609375,-0.992050170898438,-0.0559539794921875,33570.5984929167
0.023345947265625,-0.967254638671875,-0.0027313232421875,33570.6977969167
0.0463409423828125,-0.995468139648438,-0.032562255859375,33570.7971019167
0.0561370849609375,-0.996124267578125,-0.098297119140625,33570.896382
-0.051116943359375,-0.989791870117188,0.0377349853515625,33570.995686
-0.026031494140625,-0.987533569335938,-0.01763916015625,33571.09499
0.0419921875,-0.996429443359375,-0.0579681396484375,33571.194325
-0.0306396484375,-1.00299072265625,0.00848388671875,33571.293629
0.013763427734375,-1.00059509277344,0.0357208251953125,33571.392933
0.0286712646484375,-0.99359130859375,-0.009674072265625,33571.492237
0.0260772705078125,-1.00541687011719,-0.0446929931640625,33571.591542
-0.0290985107421875,-1.001953125,-0.0209197998046875,33571.690846
0.01629638671875,-0.996200561523438,-0.027069091796875,33571.790181
0.0113983154296875,-1.00601196289062,-0.0220794677734375,33571.8894605
-0.0207672119140625,-0.995346069335938,-0.0190582275390625,33571.9887645
-0.06640625,-1.00506591796875,-0.0028533935546875,33572.0880385
-0.0471649169921875,-1.00059509277344,-0.0497283935546875,33572.1873425
0.0195159912109375,-1.00617980957031,-0.04754638671875,33572.2866775
0.000518798828125,-1.01448059082031,0.009307861328125,33572.3859815
0.058929443359375,-0.98358154296875,-0.027923583984375,33572.4852855
0.0199432373046875,-0.988174438476562,-0.0235137939453125,33572.5845895
0.041534423828125,-0.993820190429688,0.0147247314453125,33572.6839245
0.04705810546875,-0.980377197265625,-0.0005950927734375,33572.7832285
0.008819580078125,-0.990020751953125,0.031951904296875,33572.8825395
0.0041046142578125,-0.99359130859375,-0.011962890625,33572.9818745
0.02783203125,-1.00906372070312,-0.0348968505859375,33573.0811785
0.0184326171875,-1.00791931152344,-0.0475006103515625,33573.1804825
0.0101165771484375,-1.00009155273438,-0.02679443359375,33573.2797875
0.013336181640625,-0.992843627929688,-0.0324249267578125,33573.3790915
0.0022430419921875,-1.00559997558594,-0.03607177734375,33573.4783955
-0.0443878173828125,-0.991790771484375,-0.0074920654296875,33573.5776995
0.021026611328125,-0.967941284179688,-0.0003814697265625,33573.6770035
-0.01513671875,-1.00654602050781,0.01361083984375,33573.7763085
0.0046539306640625,-0.9814453125,0.0083770751953125,33573.875616125
-0.0048980712890625,-0.9971923828125,-0.02044677734375,33573.974921125
0.0625,-1.00062561035156,0.0576629638671875,33574.074225125
0.0811004638671875,-1.014892578125,-0.033660888671875,33574.173529125
0.0150299072265625,-0.992996215820312,0.0400238037109375,33574.272833125
0.01348876953125,-1.02723693847656,0.0212860107421875,33574.372137125
0.0066070556640625,-1.00848388671875,-0.024200439453125,33574.471472125
0.0470428466796875,-0.990432739257812,-0.0569610595703125,33574.570776125
-0.0210113525390625,-1.00642395019531,-0.05487060546875,33574.670111125
0.021514892578125,-1.11846923828125,-0.116714477539062,33574.769446125
0.020477294921875,-0.991470336914062,-0.064117431640625,33574.86873375
-0.0061492919921875,-1.01638793945312,-0.0359344482421875,33574.96806875
-0.0170745849609375,-0.9716796875,-0.0053558349609375,33575.06737275
0.0430755615234375,-0.98126220703125,-0.0262908935546875,33575.16670675
0.0453643798828125,-1.04153442382812,-0.0434722900390625,33575.26601175
0.0204010009765625,-1.03651428222656,-0.0509796142578125,33575.36534575
0.0170440673828125,-1.04055786132812,-0.02008056640625,33575.46465075
0.045623779296875,-0.961593627929688,-0.022430419921875,33575.56395475
-0.0370941162109375,-0.976531982421875,-0.02154541015625,33575.66328975
-0.0014190673828125,-0.9610595703125,-0.0060882568359375,33575.76262375
-0.010711669921875,-0.996429443359375,-0.08099365234375,33575.861919875
0.0068511962890625,-0.992431640625,-0.0080108642578125,33575.961223875
0.0357818603515625,-0.99346923828125,-0.0215606689453125,33576.060558875
0.065582275390625,-0.995101928710938,0.0267486572265625,33576.159893875
0.040679931640625,-0.99737548828125,-0.0095062255859375,33576.259197875
0.0655975341796875,-1.00592041015625,-0.03179931640625,33576.358531875
-0.0062255859375,-0.996063232421875,-0.0175933837890625,33576.457866875
-0.0035858154296875,-1.01174926757812,-0.0092620849609375,33576.557170875
0.048553466796875,-0.999893188476562,0.0069580078125,33576.656505875
0.0002288818359375,-1.06703186035156,0.0108795166015625,33576.755870875
-0.027557373046875,-0.953842163085938,0.062713623046875,33576.855210125
-0.021148681640625,-0.9942626953125,-0.0740814208984375,33576.954514125
0.015045166015625,-1.00318908691406,-0.0298309326171875,33577.053849125
-0.0080413818359375,-0.999176025390625,-0.024383544921875,33577.153184125
0.0003204345703125,-0.99908447265625,-0.0487213134765625,33577.252488125
-0.014434814453125,-1.00442504882812,-0.01220703125,33577.351792125
0.0072021484375,-1.00370788574219,-0.022979736328125,33577.451127125
-0.0005035400390625,-1.00143432617188,-0.030426025390625,33577.550462125
-0.0041046142578125,-0.999649047851562,-0.02716064453125,33577.649796125
-0.002899169921875,-0.998672485351562,-0.028228759765625,33577.749131125
-0.001129150390625,-0.998031616210938,-0.026214599609375,33577.848435125
-0.0029144287109375,-0.99871826171875,-0.02935791015625,33577.9477167917
-0.0007781982421875,-0.99969482421875,-0.0299530029296875,33578.0470217917
-0.0021514892578125,-0.998062133789062,-0.0290374755859375,33578.1463557917
-0.0027008056640625,-1.00067138671875,-0.027740478515625,33578.2456597917
-0.003875732421875,-0.99822998046875,-0.0282440185546875,33578.3449647917
-0.0010223388671875,-1.00003051757812,-0.027740478515625,33578.4442987917
-0.0012664794921875,-0.998367309570312,-0.0280914306640625,33578.5436037917
-0.0003204345703125,-0.99835205078125,-0.0283660888671875,33578.6429377917
-0.002197265625,-0.999908447265625,-0.0307159423828125,33578.7422427917
-0.000885009765625,-0.99920654296875,-0.03033447265625,33578.8415467917
-0.0023345947265625,-0.999053955078125,-0.02813720703125,33578.9408597917
-0.0019073486328125,-0.999282836914062,-0.0292510986328125,33579.0401647917
-0.001861572265625,-0.997299194335938,-0.029937744140625,33579.1394687917
-0.0001678466796875,-0.999725341796875,-0.0291290283203125,33579.2387727917
-0.002777099609375,-0.999969482421875,-0.0289764404296875,33579.3380767917
-0.002593994140625,-0.997268676757812,-0.0279998779296875,33579.4373807917
-0.001617431640625,-0.998519897460938,-0.0278778076171875,33579.5366857917
-0.001861572265625,-1.00077819824219,-0.028350830078125,33579.6360197917
-0.00250244140625,-1.00042724609375,-0.028472900390625,33579.7353247917
-0.002227783203125,-0.9986572265625,-0.0285186767578125,33579.8346287917
-0.0018157958984375,-1.00025939941406,-0.0285797119140625,33579.9338805
-0.0022735595703125,-0.999298095703125,-0.0306396484375,33580.0331855
-0.0008697509765625,-0.99957275390625,-0.02874755859375,33580.1324895
-0.0018157958984375,-0.998489379882812,-0.0298309326171875,33580.2318245
-0.0020294189453125,-0.999755859375,-0.02728271484375,33580.3311285
-0.0013580322265625,-0.999862670898438,-0.02880859375,33580.4304325
-0.0008544921875,-0.999542236328125,-0.029022216796875,33580.5297365
-0.002197265625,-1.00111389160156,-0.0285491943359375,33580.6290105
-0.0015716552734375,-0.9984130859375,-0.029815673828125,33580.7283145
-0.0012969970703125,-0.998077392578125,-0.0303497314453125,33580.8276185
-0.0007171630859375,-1.00032043457031,-0.027618408203125,33580.9269012917
-0.002227783203125,-0.998992919921875,-0.0291290283203125,33581.0262062917
-0.0016632080078125,-0.998580932617188,-0.02850341796875,33581.1254792917
-0.0030364990234375,-0.999862670898438,-0.0284576416015625,33581.2247842917
-0.00238037109375,-0.999542236328125,-0.02874755859375,33581.3240882917
-0.0024566650390625,-0.99951171875,-0.027069091796875,33581.4233922917
-0.003570556640625,-1.00028991699219,-0.0301971435546875,33581.5226962917
-0.0030975341796875,-0.999099731445312,-0.0269927978515625,33581.6220002917
-0.0010223388671875,-0.998992919921875,-0.02874755859375,33581.7213052917
0.02508544921875,-0.99981689453125,-0.02484130859375,33581.8206092917
-0.033538818359375,-1.0015869140625,-0.0036773681640625,33821.907918375
-4.57763671875e-05,-0.997634887695312,-0.0302581787109375,33822.007283375
0.016021728515625,-0.999359130859375,-0.0200347900390625,33822.1066386667
-0.0085601806640625,-1.00004577636719,-0.0263824462890625,33822.2059736667
0.002044677734375,-1.00131225585938,-0.0201263427734375,33822.3053386667
-0.0016937255859375,-0.998703002929688,-0.016204833984375,33822.4047046667
-0.0019378662109375,-0.999221801757812,-0.017730712890625,33822.5040696667
-0.00128173828125,-1.00041198730469,-0.01580810546875,33822.6034046667
-0.0004425048828125,-1.00016784667969,-0.014373779296875,33822.7027696667
-0.001800537109375,-1.00131225585938,-0.0149078369140625,33822.8021046667
-0.001953125,-1.0015869140625,-0.017791748046875,33822.9014696667
-0.001190185546875,-0.998977661132812,-0.01702880859375,33823.0008346667
-0.0014801025390625,-0.998458862304688,-0.0178985595703125,33823.100140625
-0.001129150390625,-0.997772216796875,-0.016998291015625,33823.199505625
-0.0004119873046875,-0.998779296875,-0.01611328125,33823.298870625
-0.00164794921875,-0.99932861328125,-0.016082763671875,33823.398205625
-0.0014190673828125,-1.0003662109375,-0.0142974853515625,33823.497570625
0.0002288818359375,-0.999359130859375,-0.015411376953125,33823.596905625
-0.0007476806640625,-1.00099182128906,-0.0183563232421875,33823.696240625
-0.002197265625,-1.00151062011719,-0.016021728515625,33823.795574625
-0.0006866455078125,-1.00123596191406,-0.016082763671875,33823.894940625
-0.001922607421875,-0.997650146484375,-0.0113372802734375,33823.994274625
-0.0066070556640625,-1.00205993652344,-0.015380859375,33824.093613625
1.52587890625e-05,-0.9976806640625,-0.0239715576171875,33824.192947625
-0.0130767822265625,-0.999526977539062,-0.0111541748046875,33824.292282625
0.002197265625,-1.00057983398438,-0.01177978515625,33824.391647625
-0.000823974609375,-0.998733520507812,-0.0147552490234375,33824.490982625
0.0030670166015625,-1.00727844238281,-0.01055908203125,33824.590317625
-0.0224761962890625,-0.995681762695312,-0.05401611328125,33824.689651625
0.0090789794921875,-1.01142883300781,0.0236053466796875,33824.788986625
0.028350830078125,-0.997344970703125,-0.018524169921875,33824.888351625
-0.0128173828125,-0.998184204101562,-0.017425537109375,33824.987686625
0.000579833984375,-0.998489379882812,-0.0163116455078125,33825.086998
-0.001312255859375,-0.9971923828125,-0.020172119140625,33825.186332
0.0127410888671875,-1.00196838378906,-0.0151214599609375,33825.285698
0.012298583984375,-1.00154113769531,-0.016143798828125,33825.385032
0.0009613037109375,-0.999649047851562,-0.0200347900390625,33825.484398
0.0025634765625,-0.998504638671875,-0.01666259765625,33825.583732
0.005828857421875,-0.999374389648438,-0.0156097412109375,33825.683067
0.0103607177734375,-1.00032043457031,-0.020050048828125,33825.782432
-0.00347900390625,-1.00032043457031,-0.0233612060546875,33825.881767
-0.0030975341796875,-0.992050170898438,-0.0332183837890625,33825.981132
0.0099029541015625,-1.00396728515625,-0.0318145751953125,33826.080467
0.0003509521484375,-1.01454162597656,-0.0086822509765625,33826.1798094167
-0.0063018798828125,-0.999954223632812,-0.0240020751953125,33826.2791744167
0.0040740966796875,-1.00555419921875,-0.0078125,33826.3785094167
0.0054168701171875,-1.01698303222656,-0.014495849609375,33826.4778434167
0.0019683837890625,-1.01754760742188,-0.0040283203125,33826.5772094167
0.0180511474609375,-1.00051879882812,-0.000152587890625,33826.6765434167
0.0128021240234375,-0.984832763671875,-0.0242919921875,33826.7759094167
-0.0084228515625,-1.00189208984375,-0.0210418701171875,33826.8752434167
0.0220489501953125,-0.993789672851562,0.0043487548828125,33826.9745784167
-0.006927490234375,-1.01052856445312,-0.071624755859375,33827.0739434167
-0.0182037353515625,-1.01246643066406,-0.03045654296875,33827.173258125
-0.0415191650390625,-0.990127563476562,-0.040924072265625,33827.272593125
0.0312652587890625,-1.00051879882812,-0.043212890625,33827.371927125
-0.03277587890625,-0.98614501953125,-0.0101165771484375,33827.471262125
0.004364013671875,-1.00166320800781,0.00164794921875,33827.570597125
0.0127105712890625,-0.997100830078125,-0.014007568359375,33827.669932125
-0.0054779052734375,-0.97198486328125,-0.0298004150390625,33827.769266125
0.029266357421875,-0.999160766601562,-0.0174407958984375,33827.868601125
0.037933349609375,-0.986282348632812,-0.02459716796875,33827.967966125
0.032623291015625,-1.03739929199219,-0.015106201171875,33828.067301125
0.0089874267578125,-0.949234008789062,0.043548583984375,33828.16660725
-0.06939697265625,-1.01580810546875,-0.047607421875,33828.26594125
-0.002471923828125,-0.998809814453125,-0.0228118896484375,33828.36527625
0.0006103515625,-1.00869750976562,-0.0264892578125,33828.46461125
-0.01898193359375,-1.01481628417969,-0.00555419921875,33828.56394525
0.006683349609375,-1.00885009765625,0.0193023681640625,33828.66331125
0.01007080078125,-0.97491455078125,-0.013580322265625,33828.76264525
0.0019683837890625,-0.999526977539062,-0.027374267578125,33828.86201125
-0.0038909912109375,-1.0230712890625,-0.025421142578125,33828.96134525
-0.0260467529296875,-0.996170043945312,-0.013671875,33829.06068025
0.0018768310546875,-0.968215942382812,0.002685546875,33829.1599870417
-0.026123046875,-0.987197875976562,-0.0263214111328125,33829.2593220417
0.0074310302734375,-0.96868896484375,0.0493927001953125,33829.3586870417
-0.040435791015625,-1.03849792480469,-0.0497589111328125,33829.4580210417
0.0036468505859375,-1.01333618164062,-0.052734375,33829.5573560417
0.040771484375,-0.989410400390625,0.0114898681640625,33829.6566910417
0.0299224853515625,-1.05335998535156,-0.0771484375,33829.7560260417
0.0249176025390625,-0.995864868164062,-0.0055084228515625,33829.8553600417
0.0522003173828125,-1.00001525878906,0.01837158203125,33829.9546950417
0.046539306640625,-1.02261352539062,-0.011077880859375,33830.0540300417
0.0242156982421875,-0.99688720703125,-0.013153076171875,33830.15339175
0.0420684814453125,-0.994140625,-0.014190673828125,33830.25272675
0.062103271484375,-0.9981689453125,-0.02197265625,33830.35206075
0.0398101806640625,-0.995956420898438,0.01025390625,33830.45142675
-0.0044403076171875,-0.997787475585938,0.0109405517578125,33830.55076075
0.02410888671875,-0.998825073242188,-0.0189971923828125,33830.65006575
0.0070037841796875,-1.00816345214844,-0.00836181640625,33830.74939975
-0.0269775390625,-0.996307373046875,-4.57763671875e-05,33830.84873475
-0.080596923828125,-0.977951049804688,0.0283050537109375,33830.94806975
0.0043182373046875,-0.985763549804688,0.0013885498046875,33831.04737375
0.020660400390625,-0.9947509765625,-0.0189971923828125,33831.1466856667
0.0153961181640625,-0.98828125,-0.0199127197265625,33831.2459896667
0.0207977294921875,-0.9901123046875,0.0228729248046875,33831.3453546667
0.0150299072265625,-0.994903564453125,-0.0273895263671875,33831.4446896667
0.0239715576171875,-0.992828369140625,-0.0073699951171875,33831.5440246667
0.0159759521484375,-0.993667602539062,0.01751708984375,33831.6433586667
-0.00445556640625,-1.00041198730469,-0.0396270751953125,33831.7426936667
0.0331268310546875,-1.00987243652344,-0.077667236328125,33831.8420286667
0.015380859375,-0.998336791992188,0.0102691650390625,33831.9413626667
-0.00799560546875,-0.988265991210938,-0.0135955810546875,33832.0406976667
0.036651611328125,-1.01103210449219,0.0195159912109375,33832.14001175
-0.056976318359375,-0.981216430664062,0.010650634765625,33832.23934675
0.01873779296875,-0.987396240234375,-0.0164794921875,33832.33868075
0.0421905517578125,-0.99566650390625,0.02276611328125,33832.43801575
0.011749267578125,-0.990676879882812,0.0144805908203125,33832.53735075
0.0092315673828125,-0.997848510742188,-0.00152587890625,33832.63668475
-0.0543060302734375,-1.03788757324219,-0.0659332275390625,33832.73605075
-0.00335693359375,-0.995803833007812,-0.039794921875,33832.83538475
0.0092620849609375,-0.996322631835938,-0.0213623046875,33832.93471975
-0.016998291015625,-0.997787475585938,-0.0419158935546875,33833.03408475
-0.024993896484375,-1.00418090820312,0.012603759765625,33833.1334300417
-0.00286865234375,-0.993499755859375,0.00494384765625,33833.2327640417
-0.028839111328125,-0.9794921875,-0.006378173828125,33833.3321290417
0.0029296875,-1.00869750976562,-0.0023345947265625,33833.4314640417
-0.0319366455078125,-0.9906005859375,-0.0113677978515625,33833.5308290417
0.0244598388671875,-0.994110107421875,-0.04443359375,33833.6301640417
0.06488037109375,-1.03462219238281,-0.004180908203125,33833.7295290417
0.01214599609375,-0.96441650390625,-0.0479278564453125,33833.8288950417
-0.029144287109375,-1.00900268554688,-0.0489654541015625,33833.9282600417
0.0159912109375,-0.9847412109375,0.052764892578125,33834.0276250417
0.001800537109375,-0.995025634765625,-0.0204925537109375,33834.1269392917
-0.0554656982421875,-0.97052001953125,-0.0164337158203125,33834.2263042917
-0.008880615234375,-0.974258422851562,0.004364013671875,33834.3256392917
0.128326416015625,-1.052734375,-0.030670166015625,33834.4250042917
0.071441650390625,-0.99676513671875,0.0095977783203125,33834.5243392917
0.088409423828125,-1.00386047363281,-0.0269317626953125,33834.6236732917
0.0236358642578125,-1.03483581542969,0.038238525390625,33834.7230082917
0.0831451416015625,-0.995254516601562,-0.0492706298828125,33834.8223732917
0.038818359375,-1.01766967773438,-0.023406982421875,33834.9217082917
0.0021514892578125,-1.00772094726562,-0.0431060791015625,33835.0210432917
0.03253173828125,-1.01606750488281,-0.004486083984375,33835.120394375
-0.0059967041015625,-1.00407409667969,0.0088043212890625,33835.219729375
-0.012481689453125,-1.01362609863281,-0.0027008056640625,33835.319063375
0.015380859375,-0.993759155273438,0.0073394775390625,33835.418398375
-0.016387939453125,-0.989089965820312,0.031951904296875,33835.517733375
-0.03778076171875,-0.977828979492188,-0.0006103515625,33835.617098375
-0.0232086181640625,-0.99853515625,-0.013153076171875,33835.716433375
0.01104736328125,-0.997421264648438,-0.0377960205078125,33835.815768375
-0.03070068359375,-0.999771118164062,-0.0631866455078125,33835.915102375
-0.0286407470703125,-1.0032958984375,-0.0665740966796875,33836.014437375
-7.62939453125e-05,-0.993759155273438,-0.0669403076171875,33836.113753625
0.006256103515625,-0.984848022460938,-0.0113525390625,33836.213087625
-0.0070648193359375,-0.978378295898438,0.0191650390625,33836.312422625
0.068359375,-1.08558654785156,0.0450897216796875,33836.411757625
0.0323638916015625,-0.980117797851562,0.02001953125,33836.511122625
0.0096282958984375,-0.995712280273438,-0.0127105712890625,33836.610457625
0.077178955078125,-1.00733947753906,0.0347137451171875,33836.709761625
-0.0272216796875,-0.989776611328125,0.02813720703125,33836.809096625
0.02294921875,-1.0,0.0026702880859375,33836.908430625
4.57763671875e-05,-0.992416381835938,-0.0180206298828125,33837.007765625
0.0296630859375,-0.9912109375,-0.0279083251953125,33837.1070790417
-0.0049896240234375,-0.985061645507812,-0.0051116943359375,33837.2064440417
0.0084228515625,-1.0155029296875,-0.005035400390625,33837.3057790417
0.057403564453125,-0.993484497070312,-0.00115966796875,33837.4051140417
0.0384979248046875,-1.00675964355469,-0.0106048583984375,33837.5044480417
0.0305938720703125,-0.992752075195312,0.0,33837.6037520417
0.019195556640625,-1.00077819824219,-0.0313873291015625,33837.7030870417
0.030914306640625,-1.00398254394531,-0.0174407958984375,33837.8024220417
-0.0156707763671875,-1.00495910644531,-0.0305938720703125,33837.9017570417
-0.02142333984375,-0.995330810546875,-0.0192413330078125,33838.0010910417
-0.067596435546875,-1.00180053710938,0.0167999267578125,33838.1004035
0.031036376953125,-0.9873046875,-0.0399627685546875,33838.1997385
0.0003204345703125,-1.00836181640625,-0.0364990234375,33838.2990425
0.0203704833984375,-1.03678894042969,0.0132904052734375,33838.3983775
0.0540618896484375,-1.00648498535156,-0.030364990234375,33838.4977115
0.023406982421875,-1.02217102050781,-0.0080413818359375,33838.5970465
-0.02593994140625,-0.991165161132812,-0.011322021484375,33838.6963815
-0.007049560546875,-1.00955200195312,-0.000518798828125,33838.7957165
-0.0112762451171875,-0.998458862304688,-0.024169921875,33838.8950505
0.014923095703125,-0.996078491210938,-0.0260467529296875,33838.9943855
0.0134124755859375,-1.00082397460938,-0.0053863525390625,33839.0937205
0.0476531982421875,-1.00244140625,-0.0149383544921875,33839.193064375
-0.012359619140625,-0.997802734375,0.0011138916015625,33839.292368375
0.033966064453125,-1.01275634765625,-0.0215911865234375,33839.391703375
-0.0308837890625,-1.01290893554688,-0.0101318359375,33839.491038375
-0.0075531005859375,-0.993850708007812,-0.03070068359375,33839.590342375
-0.0155181884765625,-1.00135803222656,-0.0380706787109375,33839.689677375
0.00970458984375,-0.999191284179688,-0.0100555419921875,33839.789011375
0.04827880859375,-1.00605773925781,-0.0425262451171875,33839.888315375
-0.01080322265625,-1.00215148925781,-0.013946533203125,33839.987650375
0.005706787109375,-1.01255798339844,-0.021270751953125,33840.086985375
-0.01025390625,-0.979278564453125,-0.02825927734375,33840.18626675
0.062042236328125,-0.998275756835938,0.0407257080078125,33840.28560175
0.0378265380859375,-1.01307678222656,6.103515625e-05,33840.38490575
0.0153045654296875,-0.990737915039062,-0.0062103271484375,33840.48424075
0.019256591796875,-1.03755187988281,-0.014190673828125,33840.58354475
0.01690673828125,-0.995681762695312,-0.0078277587890625,33840.68284875
-0.0068817138671875,-0.992462158203125,-0.02392578125,33840.78218375
-0.001861572265625,-0.998748779296875,-0.027923583984375,33840.88148775
-0.0011444091796875,-0.99365234375,-0.0583038330078125,33840.98082275
-0.0041351318359375,-1.01010131835938,-0.0283355712890625,33841.08012675
0.02484130859375,-1.01947021484375,-0.01593017578125,33841.1794397917
0.0317230224609375,-0.981719970703125,0.0088958740234375,33841.2787737917
-0.0003204345703125,-1.00123596191406,0.0301513671875,33841.3780787917
0.0229949951171875,-1.00178527832031,0.0103759765625,33841.4774127917
0.0269622802734375,-0.996536254882812,-0.016082763671875,33841.5767167917
0.0067596435546875,-1.02647399902344,-0.00469970703125,33841.6760517917
-0.007720947265625,-1.00093078613281,-0.0262908935546875,33841.7753557917
0.0325927734375,-0.988601684570312,-0.0337982177734375,33841.8746907917
0.006103515625,-1.00692749023438,-0.0113067626953125,33841.9739947917
-0.0322265625,-1.01248168945312,-0.02545166015625,33842.0733297917
0.017791748046875,-0.963790893554688,-0.028656005859375,33842.1726430417
-0.0129241943359375,-0.99285888671875,-0.0139617919921875,33842.2719780417
-0.003631591796875,-1.0057373046875,-0.0349578857421875,33842.3712820417
-0.0048675537109375,-0.990997314453125,-0.012237548828125,33842.4705860417
0.0140380859375,-0.988815307617188,-0.03216552734375,33842.5699210417
-0.0153350830078125,-1.0062255859375,-0.0277557373046875,33842.6692250417
-0.01007080078125,-0.99237060546875,-0.0103759765625,33842.7685600417
0.0042724609375,-0.995025634765625,0.01336669921875,33842.8678950417
-0.0218963623046875,-1.03953552246094,-0.060272216796875,33842.9671990417
0.000335693359375,-1.01800537109375,0.0097503662109375,33843.0665340417
0.0005340576171875,-1.00465393066406,-0.0343017578125,33843.1658005
-0.0144195556640625,-1.01126098632812,-0.052490234375,33843.2651045
-0.037200927734375,-1.00361633300781,-0.03668212890625,33843.3644395
-0.023284912109375,-1.0067138671875,0.0031585693359375,33843.4637435
0.0054168701171875,-0.99822998046875,-0.01959228515625,33843.5630785
0.02935791015625,-1.00086975097656,-0.0065765380859375,33843.6624125
0.0123748779296875,-0.986618041992188,-0.00579833984375,33843.7617175
-0.016998291015625,-0.984786987304688,-0.023406982421875,33843.8610515
-0.0020294189453125,-0.9921875,-0.028778076171875,33843.9603555
-0.008697509765625,-1.00076293945312,-0.0368499755859375,33844.0596905
-0.0149383544921875,-0.967391967773438,-0.0139923095703125,33844.1589694167
-6.103515625e-05,-0.9764404296875,-0.0027313232421875,33844.2583044167
0.03533935546875,-0.94940185546875,0.0051116943359375,33844.3576394167
0.0005035400390625,-1.02064514160156,-0.001556396484375,33844.4569434167
0.010498046875,-1.01980590820312,-0.0096282958984375,33844.5562784167
-0.020751953125,-1.02067565917969,-0.076507568359375,33844.6555824167
0.063262939453125,-1.02481079101562,-0.0251617431640625,33844.7548864167
0.045989990234375,-1.03926086425781,-0.0053253173828125,33844.8542214167
0.003448486328125,-0.991958618164062,0.00347900390625,33844.9535564167
0.00640869140625,-0.989578247070312,-0.0333404541015625,33845.0528604167
-0.0026397705078125,-1.01905822753906,0.0182037353515625,33845.152169
0.018280029296875,-1.00167846679688,-0.0079498291015625,33845.251473
-0.01214599609375,-0.997283935546875,-0.0096435546875,33845.350808
-0.0050201416015625,-1.01315307617188,-0.01849365234375,33845.450112
0.02752685546875,-1.0101318359375,-0.0218505859375,33845.549447
-0.00103759765625,-1.00486755371094,-0.0245208740234375,33845.648751
0.0016937255859375,-1.00700378417969,-0.0474853515625,33845.748055
0.0336151123046875,-0.9981689453125,-0.0089874267578125,33845.84739
0.025360107421875,-0.989761352539062,-0.05218505859375,33845.946694
0.0423126220703125,-1.01040649414062,-0.02227783203125,33846.045998
0.0017852783203125,-0.99859619140625,-0.0143890380859375,33846.145278875
0.0065155029296875,-0.9921875,-0.04254150390625,33846.244582875
0.0552825927734375,-0.993804931640625,-0.0588226318359375,33846.343886875
0.0012969970703125,-0.9862060546875,-0.0248565673828125,33846.443221875
-0.0027923583984375,-0.994293212890625,0.0102996826171875,33846.542525875
-0.0411376953125,-1.00628662109375,0.0372467041015625,33846.641829875
0.0184478759765625,-0.997543334960938,-0.0308990478515625,33846.741164875
0.035858154296875,-0.991729736328125,-0.03924560546875,33846.840468875
-0.0096588134765625,-1.00167846679688,-0.0058441162109375,33846.939772875
0.002044677734375,-0.98284912109375,-0.0164947509765625,33847.039076875
-0.0134735107421875,-1.00245666503906,-0.0298614501953125,33847.138376
-0.014190673828125,-0.983108520507812,0.003662109375,33847.23768
-0.0519866943359375,-1.00698852539062,-0.0785064697265625,33847.336984
0.001068115234375,-1.00102233886719,-0.0474090576171875,33847.436319
-0.008819580078125,-0.982086181640625,0.030731201171875,33847.535623
0.112594604492188,-0.99591064453125,0.0249786376953125,33847.634958
0.0407562255859375,-0.990768432617188,-0.0188751220703125,33847.734262
-0.0363006591796875,-1.00608825683594,-0.037109375,33847.833566
-0.001129150390625,-0.99395751953125,-0.0173492431640625,33847.932901
0.0731658935546875,-0.988906860351562,-0.0153656005859375,33848.032205
0.0067596435546875,-0.999954223632812,-0.0233612060546875,33848.1315319167
0.0208282470703125,-0.986785888671875,-0.036376953125,33848.2308359167
-0.068023681640625,-1.00404357910156,0.008087158203125,33848.3301709167
0.072479248046875,-0.996185302734375,-0.0236968994140625,33848.4295059167
0.0903778076171875,-0.996734619140625,-0.034088134765625,33848.5288099167
-0.001373291015625,-1.01194763183594,-0.0156402587890625,33848.6281449167
0.0371246337890625,-0.995880126953125,-0.0081787109375,33848.7274489167
0.0355377197265625,-0.998245239257812,-0.0091400146484375,33848.8267839167
0.077178955078125,-1.00294494628906,-0.0144500732421875,33848.9260879167
-0.0047607421875,-0.987991333007812,-0.025421142578125,33849.0254219167
0.039154052734375,-0.997772216796875,0.0211181640625,33849.1247135
0.043243408203125,-0.9947509765625,-0.00213623046875,33849.2240175
0.0213623046875,-0.991806030273438,-0.0081939697265625,33849.3233215
0.0019683837890625,-1.0162353515625,-0.0240631103515625,33849.4226565
0.025482177734375,-1.00575256347656,-0.0324859619140625,33849.5219605
-0.0341644287109375,-0.996795654296875,-0.070953369140625,33849.6212955
-0.0123291015625,-0.98193359375,-0.0196533203125,33849.7206295
0.04229736328125,-0.997085571289062,0.00457763671875,33849.8199345
-0.0194244384765625,-0.9986572265625,-0.0182647705078125,33849.9192685
0.022064208984375,-1.00007629394531,-0.02301025390625,33850.0185735
0.0060882568359375,-0.996871948242188,-0.0170135498046875,33850.117886375
-0.0147705078125,-1.0037841796875,-0.02520751953125,33850.217190375
0.04034423828125,-0.966156005859375,-0.010833740234375,33850.316525375
0.0038299560546875,-1.00148010253906,-0.0715179443359375,33850.415860375
0.01824951171875,-1.00434875488281,-0.0365142822265625,33850.515164375
-0.0057373046875,-1.01188659667969,-0.0085906982421875,33850.614499375
0.015869140625,-0.985580444335938,0.021453857421875,33850.713803375
0.0171356201171875,-1.01907348632812,0.0443115234375,33850.813138375
0.00732421875,-1.01568603515625,-0.002960205078125,33850.912442375
0.013885498046875,-0.996231079101562,-0.017791748046875,33851.011777375
0.0027923583984375,-0.99468994140625,-0.029144287109375,33851.1110594167
0.0333709716796875,-1.00779724121094,0.013214111328125,33851.2103944167
0.0221710205078125,-1.00923156738281,0.0050811767578125,33851.3096984167
0.0075225830078125,-0.9931640625,-0.01922607421875,33851.4090324167
-0.0518035888671875,-1.00050354003906,-0.0800628662109375,33851.5083374167
0.0509490966796875,-1.02449035644531,-0.062225341796875,33851.6076714167
0.0034942626953125,-1.00762939453125,0.03948974609375,33851.7069764167
-0.0052032470703125,-1.01322937011719,-0.0122222900390625,33851.8063104167
0.008453369140625,-0.984619140625,0.010345458984375,33851.9056454167
0.00335693359375,-1.00445556640625,-0.012603759765625,33852.0049804167
0.0129241943359375,-0.985336303710938,-0.00189208984375,33852.1042844167
0.0578460693359375,-0.983047485351562,0.0305023193359375,33852.203605875
0.0086822509765625,-0.998733520507812,0.011810302734375,33852.302939875
0.022369384765625,-1.01924133300781,0.015350341796875,33852.402244875
0.0067138671875,-1.01683044433594,0.00982666015625,33852.501578875
0.008087158203125,-1.0008544921875,0.003509521484375,33852.600913875
0.0170745849609375,-0.995025634765625,-0.027862548828125,33852.700248875
-0.0030517578125,-0.981201171875,0.002197265625,33852.799582875
-0.0138702392578125,-0.978225708007812,-0.0198822021484375,33852.898917875
0.022430419921875,-1.00485229492188,-0.0146942138671875,33852.998252875
0.005889892578125,-0.998306274414062,-0.018646240234375,33853.097556875
0.0064239501953125,-0.999420166015625,-0.0161895751953125,33853.196870875
0.0110626220703125,-1.00375366210938,-0.020538330078125,33853.296205875
0.0399322509765625,-1.04060363769531,-0.0136566162109375,33853.395539875
0.0635223388671875,-0.712188720703125,0.0210723876953125,33853.494874875
0.0056915283203125,-1.00592041015625,-0.0358428955078125,33853.594209875
-0.112106323242188,-1.00527954101562,0.0135345458984375,33853.693513875
-0.037841796875,-1.02462768554688,-0.0152587890625,33853.792848875
0.0075836181640625,-1.00242614746094,-0.035888671875,33853.892152875
0.01361083984375,-0.994522094726562,-0.0183563232421875,33853.991487875
-0.0099945068359375,-1.00154113769531,-0.032073974609375,33854.090821875
-0.008392333984375,-0.999008178710938,-0.021270751953125,33854.190103125
0.0038909912109375,-0.997772216796875,-0.0242156982421875,33854.289438125
-0.0031280517578125,-1.00027465820312,-0.026214599609375,33854.388742125
-0.0021209716796875,-1.00094604492188,-0.0235748291015625,33854.488077125
6.103515625e-05,-1.00082397460938,-0.0246124267578125,33854.587412125
-0.0016937255859375,-0.99884033203125,-0.0255889892578125,33854.686716125
-0.0005035400390625,-1.00030517578125,-0.025054931640625,33854.786051125
-0.001068115234375,-0.999755859375,-0.0245513916015625,33854.885385125
-0.00311279296875,-0.999725341796875,-0.025299072265625,33854.984720125
-0.003265380859375,-0.999954223632812,-0.02313232421875,33855.084055125
-0.002044677734375,-0.998565673828125,-0.027008056640625,33855.183334875
-0.0015869140625,-1.0010986328125,-0.026123046875,33855.282669875
-0.001617431640625,-0.999359130859375,-0.0272674560546875,33855.382003875
-0.0008544921875,-0.997650146484375,-0.0256805419921875,33855.481308875
-0.0036163330078125,-0.999404907226562,-0.025146484375,33855.580642875
-0.0020294189453125,-1.00016784667969,-0.0260009765625,33855.679977875
-0.000579833984375,-0.999435424804688,-0.0260772705078125,33855.779312875
-0.002410888671875,-1.00019836425781,-0.02581787109375,33855.878616875
-0.000335693359375,-0.998687744140625,-0.0261688232421875,33855.977951875
-0.000457763671875,-0.998779296875,-0.0240325927734375,33856.077285875
0.0,-0.999160766601562,-0.025054931640625,33856.176628625
-0.0013580322265625,-0.997329711914062,-0.02508544921875,33856.275963625
-0.000946044921875,-0.9993896484375,-0.0251007080078125,33856.375267625
-0.001861572265625,-0.999786376953125,-0.025634765625,33856.474602625
-0.0031890869140625,-1.00051879882812,-0.0237274169921875,33856.573906625
-0.0010833740234375,-0.9979248046875,-0.025909423828125,33856.673241625
-0.002777099609375,-0.998977661132812,-0.02557373046875,33856.772575625
-0.0029754638671875,-1.00096130371094,-0.0257720947265625,33856.871880625
-0.0025177001953125,-1.00154113769531,-0.0229644775390625,33856.971214625
-0.00152587890625,-0.99853515625,-0.0279083251953125,33857.070519625
-0.00103759765625,-1.00100708007812,-0.0236358642578125,33857.16983075
-0.0004425048828125,-1.00070190429688,-0.0271148681640625,33857.26913475
-0.0007171630859375,-0.998504638671875,-0.0246124267578125,33857.36846975
-0.0026397705078125,-0.999420166015625,-0.02618408203125,33857.46780475
-0.0005645751953125,-0.99884033203125,-0.026031494140625,33857.56713975
-0.0016326904296875,-0.997909545898438,-0.025543212890625,33857.66644375
-0.0017242431640625,-0.999542236328125,-0.02545166015625,33857.76580875
-0.0030975341796875,-0.998397827148438,-0.0262298583984375,33857.86514375
-0.0015106201171875,-0.999847412109375,-0.0244598388671875,33857.96444775
-0.00238037109375,-0.9990234375,-0.0261383056640625,33858.06378275
1.52587890625e-05,-0.999908447265625,-0.0240631103515625,33858.163062
-0.0009613037109375,-0.999832153320312,-0.0257415771484375,33858.262397
-0.00146484375,-0.998367309570312,-0.0266571044921875,33858.361731
0.028594970703125,-0.985809326171875,-0.034515380859375,33858.461066
